recipe_id,ingredient_id,measure,unit_id,prep_notes,order_index
1,747,2.0,13,large,1
1,179,800.0,1,,2
1,748,3.0,9,,3
1,750,1.0,9,,4
1,284,3.0,9,,5
2,210,1.0,9,,1
2,537,1.0,4,,2
2,137,1.0,14,peeled crushed,3
2,142,1.0,9,,4
2,42,1.0,13,medium,5
2,496,3.0,13,chopped,6
2,411,3.0,10,,7
2,274,1.0,9,,8
2,491,1.0,9,,9
2,865,12.0,13,,10
2,209,1.0,13,for brushing,11
2,502,0.0,16,,12
2,866,0.0,16,,13
2,274,0.0,16,,14
3,236,900.0,1,,1
3,210,3.0,9,,2
3,340,1.0,13,chopped,3
3,137,1.0,14,peeled crushed,4
3,217,1.0,9,,5
3,292,1.0,9,,6
3,398,225.0,1,,7
3,14,0.0,16,,8
4,662,150.0,1,,1
4,442,200.0,1,,2
4,115,50.0,5,,3
4,138,1.0,13,,4
4,367,1.0,9,,5
5,623,300.0,1,,1
5,89,200.0,1,,2
5,36,200.0,1,,3
5,282,100.0,1,,4
5,111,2.0,13,,5
5,185,1.0,8,,6
5,637,1.0,13,,7
5,471,1.0,13,sprinkling,8
6,245,2.0,13,,1
6,341,4.0,13,,2
6,210,1.0,9,,3
6,137,4.0,14,chopped,4
6,170,1.0,13,chopped,5
6,260,0.0,16,,6
6,668,2.0,4,,7
6,260,1.0,8,,8
6,309,3.0,10,,9
6,210,4.0,9,,10
6,210,6.0,9,,11
7,309,1.0,10,,1
7,42,2.0,4,,2
7,210,5.0,9,,3
7,260,1.0,8,,4
7,24,0.5,8,,5
7,603,0.5,8,,6
7,157,0.5,8,,7
7,137,3.0,14,crushed,8
7,290,0.5,8,,9
7,16,1.0,13,,10
7,184,1.0,8,,11
8,396,3.0,13,,1
8,210,1.0,9,,2
8,244,1.0,9,chopped,3
8,137,1.0,14,peeled crushed,4
8,260,0.0,16,,5
8,229,0.0,16,,6
8,234,1.0,13,diced,7
9,483,1.0,4,,1
9,137,4.0,14,crushed,2
9,340,0.5,10,,3
9,260,0.0,16,,4
9,229,0.0,16,,5
9,234,3.0,13,,6
9,222,1.0,8,,7
9,309,0.5,10,,8
10,607,85.0,1,,1
10,471,85.0,1,,2
10,233,100.0,1,,3
10,45,100.0,1,,4
10,36,100.0,1,,5
10,146,1.0,9,,6
10,22,1.0,8,,7
11,197,200.0,13,ml,1
11,209,60.0,13,ml,2
11,112,2.0,13,,3
11,125,1600.0,1,,4
11,11,3.0,8,,5
11,260,0.5,8,,6
11,462,25.0,1,,7
11,282,45.0,1,,8
11,223,3.0,9,,9
12,233,120.0,1,,1
12,45,60.0,1,,2
12,36,60.0,1,,3
12,435,300.0,1,,4
12,36,30.0,1,,5
12,100,30.0,1,,6
12,433,120.0,1,,7
12,75,0.25,8,,8
12,167,0.0,16,,9
14,102,175.0,1,oz,1
14,36,75.0,1,oz,2
14,28,200.0,1,oz,3
14,261,75.0,1,oz,4
14,45,75.0,1,oz,5
14,129,2.0,13,,6
14,156,75.0,1,oz,7
14,519,1.0,8,,8
14,123,50.0,3,g,9
13,112,4.0,13,,1
13,282,200.0,1,,2
13,264,200.0,1,,3
13,622,200.0,1,,4
13,300,1.0,8,,5
13,603,1.0,8,,6
13,459,3.0,13,,7
13,260,1.0,11,,8
13,874,1.0,13,sprinkling,9
15,373,100.0,1,,1
15,150,50.0,1,,2
15,323,25.0,1,,3
15,526,2.0,9,,4
15,196,1.0,13,,5
15,357,3.0,13,,6
15,761,2.0,13,pieces,7
15,442,25.0,1,,8
15,200,4.0,13,,9
16,819,2.0,13,,1
16,820,1.0,13,,2
16,522,1.0,15,,3
16,821,1.0,13,,4
16,822,2.0,13,kg,5
16,341,1.0,13,chopped,6
16,260,1.0,11,,7
16,229,1.0,11,,8
17,3,500.0,1,,1
17,340,1.0,13,,2
17,245,1.0,13,,3
17,137,2.0,14,,4
17,94,1.0,8,,5
17,215,1.0,8,,6
17,217,1.0,8,,7
17,21,1.0,6,,8
17,309,2.0,10,,9
17,260,1.0,11,,10
17,53,200.0,1,,11
17,115,1.0,11,,12
18,115,2.0,9,,1
18,654,800.0,1,,2
18,443,150.0,1,,3
18,655,100.0,1,,4
18,340,1.0,13,chopped,5
18,245,2.0,13,,6
18,234,1.0,13,chopped,7
18,138,8.0,13,,8
18,217,4.0,8,,9
18,595,0.5,8,,10
18,646,200.0,1,,11
18,60,1.0,6,,12
18,290,6.0,13,parts,13
18,485,375.0,1,,14
18,184,1.0,13,,15
19,240,24.0,13,,1
19,210,2.0,9,,2
19,340,1.0,13,small,3
19,16,1.0,13,,4
19,256,1.0,11,,5
19,485,450.0,1,,6
19,292,2.0,8,,7
19,314,200.0,13,ml,8
19,647,650.0,13,ml,9
19,336,3.0,13,medium,10
20,633,2.0,13,kg,1
20,72,4.0,13,,2
20,634,2.0,13,,3
20,260,0.0,16,,4
21,8,2.0,13,,1
21,303,2.0,9,,2
21,30,3.0,13,sliced thinly,3
21,745,300.0,1,,4
21,381,100.0,1,,5
21,222,40.0,1,,6
21,55,200.0,1,,7
21,183,0.5,13,juice of,8
21,115,1.0,13,splash,9
22,8,1.0,13,sliced,1
22,210,3.0,9,,2
22,359,140.0,1,,3
22,304,225.0,1,,4
22,55,200.0,1,,5
22,200,1.0,12,,6
22,460,100.0,1,,7
22,183,0.5,13,juice of,8
23,585,500.0,1,,1
23,586,100.0,1,,2
23,403,2.0,13,small,3
23,254,50.0,1,,4
23,587,4.0,9,,5
24,442,3.0,10,,1
24,110,4.0,13,,2
24,560,4.0,10,,3
24,560,2.0,10,,4
24,110,1.0,13,,5
24,184,0.5,8,,6
25,5,3.0,13,large,1
25,599,200.0,1,,2
25,188,1.0,13,zest and juice of,3
25,183,0.5,13,juice of,4
25,593,1.25,13,kg,5
25,210,2.0,9,,6
25,594,1.0,8,,7
25,95,1.0,8,,8
25,409,200.0,1,,9
26,61,6.0,13,,1
26,50,16.0,13,,2
26,142,1.0,13,,3
26,138,6.0,13,,4
26,46,8.0,13,,5
26,296,2.0,9,,6
26,94,1.0,13,,7
26,85,1.0,13,,8
26,366,1.0,13,,9
26,286,2.0,9,,10
26,81,1.0,15,,11
26,282,1.0,8,,12
26,309,1.0,10,,13
37,236,2.0,13,,1
37,244,1.0,13,,2
37,137,2.0,14,,3
37,188,1.0,13,,4
37,30,2.0,13,,5
37,4,1.0,4,,6
37,362,1.0,13,,7
37,166,1.0,13,,8
37,291,1.0,13,,9
37,282,1.0,13,,10
37,303,1.0,13,,11
37,260,1.0,13,,12
37,229,1.0,13,,13
27,108,4.0,13,large,1
27,137,2.0,14,,2
27,176,2.0,8,,3
27,183,1.0,13,,4
27,408,3.0,9,,5
27,115,3.0,9,,6
27,150,2.0,9,,7
27,46,1.0,11,,8
27,200,1.0,13,leaf,9
27,222,2.0,9,,10
28,8,1.0,13,large,1
28,340,0.5,10,,2
28,293,1.0,10,,3
28,137,6.0,14,,4
28,152,1.0,13,,5
28,243,0.25,8,,6
28,209,1.5,9,,7
28,86,1.0,9,chopped,8
28,260,0.0,16,,9
29,366,2.0,13,medium,1
29,222,2.0,9,chopped,2
29,183,1.0,13,juice of,3
29,55,175.0,1,,4
29,210,1.0,9,,5
29,2,350.0,1,,6
29,339,0.0,16,,7
30,233,175.0,1,oz,1
30,64,75.0,3,g,2
30,83,2.0,9,,3
30,239,1.0,9,,4
30,36,125.0,3,g,5
30,45,125.0,3,g,6
30,156,125.0,3,g,7
30,128,1.0,13,,8
30,519,0.5,8,,9
30,123,50.0,3,g,10
31,282,500.0,1,,1
31,184,0.0,16,,2
31,381,300.0,1,,3
31,382,200.0,1,,4
31,442,100.0,1,,5
31,603,2.0,9,,6
31,708,1.0,9,,7
31,375,500.0,1,,8
31,183,1.0,13,zest of,9
31,213,1.0,13,zest of,10
31,763,1.0,9,,11
31,462,250.0,1,,12
31,525,500.0,1,,13
31,764,100.0,1,,14
32,378,1.0,13,large,1
32,112,2.0,13,medium,2
32,11,1.0,11,,3
32,300,1.0,13,spinkling,4
32,209,1.0,8,,5
32,382,25.0,1,,6
32,379,125.0,1,,7
33,250,140.0,1,,1
33,223,3.0,9,,2
33,81,4.0,9,,3
33,602,3.0,9,,4
33,278,3.0,13,sliced thinly,5
33,93,1.0,13,sliced,6
33,504,300.0,1,,7
33,237,200.0,1,,8
34,282,85.0,1,,1
34,734,500.0,1,,2
34,284,1.0,9,,3
34,10,12.0,13,,4
34,142,1.0,13,knob,5
34,137,2.0,14,chopped,6
34,274,2.0,9,,7
34,597,3.0,9,,8
34,292,3.0,9,,9
34,454,1.0,13,beaten,10
35,591,800.0,1,,1
35,157,0.5,8,,2
35,85,0.5,8,,3
35,217,1.0,11,,4
35,63,1.0,11,,5
35,138,2.0,13,,6
35,183,1.0,13,juice of,7
35,210,5.0,9,,8
35,85,1.0,13,bunch,9
36,36,175.0,1,,1
36,45,175.0,1,,2
36,264,140.0,1,,3
36,442,50.0,1,,4
36,11,0.5,8,,5
36,112,3.0,13,medium,6
36,300,0.5,8,,7
36,519,0.25,8,,8
36,36,175.0,1,,9
36,45,175.0,1,,10
36,264,140.0,1,,11
36,442,50.0,1,,12
36,11,0.5,8,,13
36,112,3.0,13,medium,14
36,300,0.5,8,,15
36,519,0.25,8,,16
36,437,0.5,8,,17
36,357,200.0,1,,18
36,441,1.0,13,kg,19
36,323,1.0,13,dusting,20
38,262,8.0,13,large,1
38,372,1.0,15,,2
38,370,1200.0,1,,3
38,25,1.0,9,,4
38,114,1.0,8,,5
39,309,0.5,10,,1
39,446,2.0,13,parts,2
39,282,0.5,10,,3
39,197,0.5,10,,4
39,36,6.0,9,,5
39,112,2.0,13,,6
39,260,1.0,8,,7
39,125,2.0,10,,8
39,209,1.0,13,for frying,9
39,183,0.0,17,,10
39,282,0.0,17,,11
39,75,0.0,17,,12
43,3,1.5,13,kg,1
43,541,1.0,13,,2
43,292,8.0,3,,3
43,309,3.0,10,,4
43,274,6.0,9,,5
43,512,1.0,9,,6
43,229,2.0,9,,7
43,16,4.0,13,,8
43,183,0.5,13,,9
43,372,2.0,9,,10
43,36,3.0,9,,11
43,210,0.5,10,,12
43,340,1.0,13,chopped,13
43,137,4.0,14,,14
44,249,1.0,13,white,1
44,340,1.0,13,,2
44,188,1.0,13,,3
44,138,3.0,13,,4
44,93,1.0,13,,5
44,42,3.0,3,,6
44,483,1.0,4,,7
44,274,2.0,3,,8
45,364,3.0,8,,1
45,455,600.0,1,,2
45,10,100.0,1,,3
45,50,350.0,1,,4
45,56,250.0,1,,5
45,138,2.0,13,sliced,6
45,456,1.0,13,,7
45,292,1.0,9,,8
45,247,750.0,5,,9
45,47,600.0,1,,10
45,210,2.0,9,,11
45,290,1.0,13,sprigs of fresh,12
45,369,1.0,13,sprigs of fresh,13
45,16,2.0,13,,14
45,41,4.0,13,,15
46,18,4.0,4,,1
46,260,1.0,13,dash,2
46,340,3.0,13,,3
46,137,5.0,14,,4
46,290,1.0,13,sprig,5
46,369,1.0,13,sprig,6
46,17,4.0,13,,7
46,21,2.0,10,,8
46,42,3.0,13,large,9
46,205,1.0,9,,10
46,236,4.0,13,mashed,11
47,3,2.0,13,kg cut cubes,1
47,21,1.0,13,,2
47,274,1.0,9,,3
47,309,2.0,10,,4
47,396,1.0,13,sliced,5
47,245,1.0,13,sliced,6
47,236,1.0,13,sliced,7
47,42,1.0,13,sliced,8
47,292,8.0,3,,9
47,223,3.0,9,,10
47,66,5.0,13,,11
47,340,1.0,13,chopped,12
47,137,5.0,14,,13
47,210,3.0,9,,14
48,210,2.0,9,,1
48,36,25.0,1,,2
48,3,750.0,1,,3
48,233,2.0,9,,4
48,137,2.0,14,minced,5
48,212,175.0,1,,6
48,48,150.0,1,,7
48,42,150.0,1,,8
48,182,2.0,13,chopped,9
48,418,200.0,1,,10
48,247,150.0,13,ml,11
48,21,500.0,1,,12
48,16,2.0,13,,13
48,290,3.0,9,,14
48,222,3.0,9,chopped,15
48,233,125.0,1,,16
48,11,1.0,8,,17
48,417,60.0,1,,18
48,309,1.0,13,splash,19
49,422,60.0,1,,1
49,309,340.0,1,,2
49,260,1.0,8,,3
49,623,600.0,1,,4
49,341,3.0,13,,5
49,137,1.0,14,,6
49,244,1.0,13,large,7
49,278,1.0,13,bunch,8
49,681,750.0,1,,9
49,106,1.0,9,,10
49,217,1.0,8,,11
49,246,1.0,8,,12
49,222,1.0,8,,13
49,260,0.0,16,,14
49,229,0.0,16,,15
49,454,3.0,13,,16
49,794,1.0,13,splash,17
49,636,1.0,13,drizzle,18
50,3,0.5,4,,1
50,260,1.0,11,,2
50,229,1.0,11,,3
50,414,2.0,8,,4
50,454,0.5,13,,5
50,499,3.0,9,,6
50,209,5.0,9,,7
50,505,0.25,4,,8
50,340,0.5,10,,9
50,198,1.0,8,,10
50,142,1.0,8,,11
50,504,1.0,10,,12
50,204,1.0,10,,13
50,309,1.0,10,,14
50,216,1.0,9,,15
50,282,1.0,8,,16
50,274,1.0,8,,17
51,15,1.0,2,,1
51,21,5.0,10,,2
51,340,2.0,13,medium,3
51,137,5.0,14,chopped,4
51,152,2.0,13,,5
51,341,1.0,13,small,6
51,260,2.0,8,,7
51,209,3.0,9,,8
51,297,1.0,8,,9
51,41,0.5,8,,10
51,77,0.5,8,,11
51,16,0.5,8,,12
52,137,3.0,14,,1
52,340,1.0,13,sliced,2
52,3,2.0,4,,3
52,292,8.0,3,,4
52,309,1.0,10,,5
52,210,3.0,9,,6
52,183,1.0,13,slice,7
52,236,1.0,13,large,8
52,274,0.25,10,,9
52,24,0.5,8,,10
52,17,2.0,13,,11
52,260,0.0,16,,12
54,3,1.0,13,lb,1
54,303,5.0,9,,2
54,76,1.0,13,,3
54,77,3.0,13,,4
54,468,3.0,13,,5
54,41,3.0,13,,6
54,80,1.0,10,,7
54,309,1.0,10,,8
54,286,2.0,9,,9
54,188,6.0,13,,10
54,282,1.0,9,,11
54,50,5.0,13,,12
56,3,8.0,13,slices,1
56,32,12.0,13,florets,2
56,236,1.0,15,,3
56,42,1.0,15,,4
56,233,140.0,1,,5
56,112,4.0,13,,6
56,197,200.0,13,ml,7
56,284,1.0,13,drizzle (for cooking),8
57,204,400.0,1,,1
57,114,1.0,13,tbsp,2
57,210,1.0,13,dash,3
57,19,750.0,1,piece,4
57,218,6.0,13,slices,5
57,238,500.0,1,,6
57,125,1.0,13,dusting,7
57,111,2.0,13,beaten,8
40,274,1.0,8,,1
40,650,1.0,8,,2
40,89,0.5,8,,3
40,24,0.12,8,,4
40,681,1.0,4,,5
40,216,2.0,9,,6
40,650,1.0,8,,7
40,274,1.0,9,,8
40,60,0.25,10,,9
40,32,1.0,4,,10
40,853,2.0,9,,11
40,137,2.0,14,minced,12
40,89,1.0,8,,13
40,309,1.0,9,,14
41,3,1.0,13,kg,1
41,233,2.0,9,,2
41,353,2.0,9,,3
41,247,200.0,13,ml,4
41,21,400.0,13,ml,5
41,340,1.0,13,finely sliced,6
41,42,2.0,13,chopped,7
41,290,3.0,13,sprigs,8
41,205,2.0,9,,9
41,111,2.0,13,free-range,10
41,238,400.0,1,,11
41,151,300.0,1,,12
41,36,25.0,1,,13
41,260,1.0,11,,14
41,229,1.0,11,,15
42,3,900.0,1,,1
42,210,3.0,9,,2
42,267,3.0,13,,3
42,137,2.0,14,minced,4
42,10,125.0,1,,5
42,290,1.0,9,chopped,6
42,16,2.0,13,,7
42,421,330.0,13,ml,8
42,21,400.0,13,ml,9
42,330,2.0,9,,10
42,420,8.0,13,,11
42,233,400.0,1,,12
42,260,1.0,11,,13
42,36,250.0,1,,14
42,112,1.0,13,to glaze,15
53,21,1.0,6,,1
53,340,1.0,13,large,2
53,142,1.0,13,large chopped,3
53,76,1.0,13,,4
53,468,2.0,13,,5
53,87,1.0,8,,6
53,77,0.5,8,,7
53,681,225.0,1,,8
53,729,1.0,8,,9
53,122,1.0,9,,10
53,274,1.0,9,,11
53,250,200.0,1,,12
53,278,2.0,13,sliced,13
53,680,1.0,13,small,14
53,13,1.0,12,,15
53,85,1.0,12,,16
53,188,1.0,13,,17
55,210,1.0,9,,1
55,212,1.0,13,,2
55,137,1.0,14,,3
55,36,1.0,9,,4
55,204,250.0,1,,5
55,19,500.0,1,,6
55,233,1.0,13,tbsp,7
55,91,150.0,1,,8
55,114,1.0,9,,9
55,21,100.0,13,ml,10
55,222,1.0,13,topping,11
58,571,320.0,1,,1
58,737,450.0,1,,2
58,340,1.0,13,small,3
58,564,2.0,8,,4
58,263,1.0,8,,5
61,571,3.0,13,,1
61,210,4.0,9,,2
61,344,1.0,13,,3
61,309,6.0,10,,4
61,236,3.0,13,,5
61,40,1.0,15,,6
61,103,0.0,17,,7
59,353,1.0,9,,1
59,150,4.0,9,,2
59,200,0.5,13,bag,3
59,254,150.0,1,,4
59,55,130.0,1,,5
59,571,400.0,1,,6
59,454,1.0,13,beaten,7
59,233,1.0,9,,8
59,137,1.0,14,finely chopped,9
59,564,1.0,8,,10
59,157,0.5,8,,11
59,183,1.0,13,zest of,12
60,571,3.0,13,,1
60,197,50.0,5,,2
60,264,200.0,1,,3
60,11,1.0,8,,4
60,383,2.0,9,,5
60,300,0.5,8,,6
60,454,3.0,13,,7
60,36,25.0,1,,8
60,792,200.0,1,,9
60,793,2.0,9,,10
60,150,100.0,1,,11
62,360,400.0,1,,1
62,210,2.0,9,,2
62,551,2.0,13,,3
62,340,1.0,13,chopped,4
62,553,0.25,13,,5
62,53,2.0,13,sliced,6
62,550,2.0,13,large,7
62,544,1.0,10,,8
62,512,2.0,8,,9
62,229,1.0,11,,10
62,205,2.0,8,,11
62,211,1.0,8,,12
62,139,1.0,8,,13
62,217,0.5,8,,14
63,10,2.0,13,sliced,1
63,561,1.0,4,,2
63,4,1.0,4,,3
63,125,0.25,10,,4
63,137,3.0,13,chopped,5
63,340,1.0,13,diced,6
63,204,1.0,10,,7
63,411,4.0,10,,8
63,563,1.0,15,,9
63,247,0.25,10,,10
63,16,1.0,13,,11
63,13,1.0,8,,12
63,193,1.0,8,,13
63,217,1.0,9,,14
63,564,0.12,8,,15
63,166,1.0,13,dash,16
63,21,5.0,10,,17
63,292,2.0,9,,18
63,101,1.0,10,,19
63,318,1.0,13,dash,20
64,626,1.0,13,sliced,1
64,21,250.0,13,ml,2
64,204,100.0,1,,3
64,422,2.0,9,,4
64,778,400.0,1,,5
64,10,250.0,1,,6
64,340,2.0,13,chopped,7
64,3,750.0,1,,8
64,575,200.0,1,,9
64,16,1.0,13,,10
64,77,2.0,13,,11
64,781,12.0,13,,12
64,779,4.0,13,,13
64,780,4.0,13,,14
64,247,90.0,5,,15
64,292,2.0,9,,16
65,3,1.0,4,,1
65,274,5.0,9,,2
65,183,1.0,13,,3
65,137,3.0,14,,4
65,340,3.0,13,parts,5
65,210,4.0,9,,6
65,309,1.0,10,,7
65,260,1.0,11,,8
66,36,100.0,1,,1
66,125,150.0,1,,2
66,21,700.0,13,ml,3
66,340,30.0,1,,4
66,222,1.0,9,,5
66,3,400.0,1,,6
66,260,1.0,11,,7
66,229,1.0,11,,8
66,208,1.0,11,,9
66,125,50.0,1,,10
66,112,2.0,13,beaten,11
66,31,50.0,1,,12
67,434,50.0,1,,1
67,36,125.0,1,,2
67,45,150.0,1,,3
67,183,1.0,13,grated,4
67,233,150.0,1,,5
67,11,0.5,8,,6
67,433,600.0,1,,7
67,282,75.0,1,,8
67,45,2.0,9,,9
67,184,1.0,9,,10
67,105,300.0,13,ml,11
67,319,100.0,13,ml,12
67,200,0.0,17,with,13
68,574,0.5,10,,1
68,125,0.67,10,,2
68,260,0.5,8,,3
68,446,1.0,8,,4
68,197,1.0,10,,5
68,36,2.0,9,,6
68,454,1.0,13,seperated,7
69,462,100.0,1,,1
69,323,125.0,1,,2
69,125,25.0,1,,3
69,442,85.0,1,,4
69,110,3.0,13,,5
69,588,1.0,13,,6
69,433,85.0,1,,7
70,455,1.0,13,kg,1
70,340,1.0,13,,2
70,16,1.0,13,,3
70,236,2.5,13,kg,4
70,284,2.0,9,,5
70,340,1.0,13,diced,6
70,42,1.0,13,,7
70,571,200.0,1,,8
70,245,1.0,13,chopped,9
70,398,200.0,1,,10
70,575,6.0,13,,11
70,626,0.5,13,,12
70,406,400.0,1,,13
70,91,100.0,5,,14
70,103,1.0,13,bunch,15
70,349,0.0,16,,16
71,212,2.0,13,finely chopped,1
71,290,1.0,13,sprigs of fresh,2
71,210,2.0,9,,3
71,236,1.5,13,kg,4
71,304,425.0,1,,5
72,236,4.0,13,large,1
72,278,1.0,13,bunch,2
72,233,100.0,1,,3
72,110,1.0,13,,4
72,197,150.0,13,ml,5
72,22,1.0,8,,6
72,36,3.0,9,,7
72,303,2.0,9,,8
72,55,6.0,13,,9
72,10,12.0,13,,10
72,454,6.0,13,,11
73,3,1.0,13,kg,1
73,212,3.0,13,,2
73,137,4.0,14,,3
73,210,1.0,13,dash,4
73,72,300.0,1,,5
73,94,2.0,8,,6
73,518,2.0,8,,7
73,77,1.0,8,,8
73,76,1.0,13,large,9
73,17,3.0,13,,10
73,215,2.0,8,dried,11
73,516,2.0,13,ancho,12
73,12,3.0,9,,13
73,234,800.0,1,,14
73,291,2.0,9,,15
73,97,2.0,9,,16
73,26,800.0,1,tins,17
74,784,6.0,13,large,1
74,210,2.0,9,,2
74,340,1.0,13,chopped,3
74,369,2.0,8,,4
74,48,1.0,13,chopped,5
74,15,140.0,1,,6
74,785,140.0,1,,7
74,786,50.0,1,,8
74,304,300.0,13,ml,9
74,12,1.0,9,,10
74,597,1.0,8,,11
75,36,25.0,1,oz,1
75,30,8.0,13,thin slices,2
75,283,50.0,1,oz,3
75,75,2.0,8,,4
75,197,350.0,13,mlfl,5
75,105,50.0,3,mlfl,6
75,112,2.0,13,free-range,7
75,282,25.0,1,oz,8
75,208,0.0,16,"grated,",9
76,30,2.0,13,,1
76,454,2.0,13,,2
76,260,0.5,13,,3
77,236,3.0,13,medium,1
77,210,1.0,9,,2
77,10,2.0,13,strips,3
77,138,1.0,13,minced,4
77,383,1.0,9,,5
77,222,0.0,17,,6
77,260,1.0,11,,7
77,229,1.0,11,,8
77,518,0.0,16,,9
78,233,375.0,1,,1
78,45,50.0,1,,2
78,446,7.0,1,,3
78,197,75.0,1,,4
78,112,3.0,13,large,5
78,112,1.0,13,to glaze,6
78,36,180.0,1,,7
78,463,250.0,1,,8
78,461,8.0,13,slices,9
79,353,2.0,9,,1
79,340,1.0,13,finely chopped,2
79,48,1.0,13,,3
79,182,1.0,13,sliced,4
79,236,1.0,13,medium,5
79,36,1.0,13,knob,6
79,304,1.0,6,hot,7
79,32,1.0,13,head chopped,8
79,354,140.0,1,,9
80,1,1.0,13,whole,1
80,341,1.0,13,chopped,2
80,212,2.0,13,chopped,3
80,138,2.0,13,chopped,4
80,245,1.0,13,chopped,5
80,42,1.0,13,chopped,6
80,188,1.0,13,,7
80,290,2.0,8,,8
80,518,1.0,8,,9
80,274,2.0,9,,10
80,89,2.0,8,,11
80,81,2.0,10,,12
80,303,1.0,9,,13
81,210,2.0,9,,1
81,3,2.0,4,,2
81,340,1.0,13,,3
81,21,3.0,10,,4
81,418,1.0,13,small,5
81,48,1.0,13,,6
81,42,4.0,13,,7
81,222,4.0,13,,8
81,236,1.0,4,,9
81,182,0.5,13,,10
81,222,0.0,17,,11
82,236,500.0,1,,1
82,233,200.0,1,,2
82,454,1.0,13,,3
82,260,1.0,8,,4
82,670,250.0,1,,5
82,10,200.0,1,,6
82,465,0.0,17,,7
83,375,500.0,1,,1
83,112,4.0,13,large,2
83,125,3.0,9,,3
83,282,250.0,1,,4
83,75,1.0,8,,5
83,186,2.0,13,grated zest of,6
83,507,5.0,9,,7
83,323,1.0,13,sprinking,8
84,525,1.0,15,,1
84,360,150.0,1,,2
84,340,150.0,1,,3
84,209,40.0,1,,4
84,260,1.0,13,dash,5
84,229,1.0,13,dash,6
85,462,3.0,9,,1
85,340,1.0,13,large,2
85,411,1.0,13,medium,3
85,42,1.0,13,,4
85,48,1.0,13,,5
85,16,1.0,13,,6
85,304,8.0,10,,7
85,236,2.0,13,large,8
85,293,2.0,13,large,9
85,273,0.0,17,,10
85,103,0.0,17,,11
86,599,500.0,1,,1
86,184,2.0,8,,2
86,115,1.0,9,,3
86,752,1.0,9,,4
86,93,1.0,13,,5
86,137,2.0,14,minced,6
87,38,2.0,9,,1
87,46,1.0,8,,2
87,311,4.0,13,fillets,3
87,303,1.0,8,,4
87,126,8.0,13,,5
87,5,1.0,13,sliced,6
87,189,2.0,13,shredded,7
87,278,4.0,13,shredded,8
87,259,300.0,13,ml,9
87,273,1.0,13,pot,10
87,183,1.0,13,,11
87,137,1.0,14,finely chopped,12
89,173,1.0,13,bunch,1
89,10,2.0,13,strips,2
89,137,3.0,14,chopped,3
89,340,1.0,13,medium,4
89,217,0.5,8,,5
89,290,1.0,13,sprig,6
89,341,1.0,13,,7
89,245,1.0,13,,8
89,378,4.0,13,,9
89,303,1.0,13,splash,10
88,480,0.5,4,,1
88,10,4.0,13,,2
88,847,525.0,1,,3
88,340,1.0,13,chopped,4
88,278,2.0,13,chopped,5
88,137,2.0,14,minced,6
88,486,1.0,13,chopped,7
88,234,2.0,13,chopped,8
88,290,2.0,13,sprigs,9
88,24,0.25,8,,10
90,390,375.0,1,,1
90,112,2.0,13,large,2
90,203,175.0,1,,3
90,428,100.0,1,,4
90,300,1.0,8,,5
90,36,50.0,1,,6
90,457,4.0,8,,7
90,381,50.0,1,,8
91,3,500.0,1,,1
91,340,1.0,13,chopped,2
91,42,2.0,13,chopped,3
91,236,2.0,13,chopped,4
91,389,1.0,13,small,5
91,376,100.0,1,,6
91,21,2.0,6,,7
91,260,0.0,16,,8
91,229,0.0,16,,9
92,846,16.0,3,,1
92,282,1.0,10,,2
93,303,450.0,13,ml,1
93,233,400.0,1,,2
93,22,2.0,8,,3
93,282,550.0,13,ml,4
93,112,5.0,13,,5
93,260,0.5,8,,6
93,75,2.0,8,,7
93,42,500.0,1,grated,8
93,381,150.0,1,,9
93,322,200.0,1,,10
93,45,150.0,1,,11
93,36,100.0,1,,12
94,43,250.0,1,,1
94,323,100.0,1,,2
94,111,2.0,13,,3
94,526,2.0,9,,4
94,323,1.0,13,to glaze,5
94,442,100.0,1,,6
95,809,6.0,13,cut thick slices,1
95,372,450.0,1,,2
95,72,225.0,1,,3
95,810,225.0,1,,4
95,363,75.0,1,,5
95,153,40.0,1,,6
95,217,55.0,1,,7
95,374,50.0,1,,8
96,360,500.0,1,,1
96,473,250.0,1,,2
96,340,1.0,13,,3
96,137,4.0,14,,4
96,222,3.0,9,chopped,5
96,217,1.0,9,,6
96,11,0.75,8,,7
96,31,2.0,9,,8
96,309,3.0,9,,9
96,305,1.0,13,,10
96,260,1.0,8,,11
96,229,1.0,8,,12
97,293,4.0,13,,1
97,210,2.0,9,,2
97,340,1.0,13,diced,3
97,245,1.0,13,sliced,4
97,396,1.0,13,sliced,5
97,137,3.0,14,crushed,6
97,94,1.0,8,,7
97,217,1.0,8,,8
97,260,0.75,8,,9
97,63,0.5,8,,10
97,112,4.0,13,,11
98,644,500.0,1,,1
98,45,70.0,1,,2
98,446,10.0,1,,3
98,454,2.0,13,beaten,4
98,284,70.0,5,,5
98,789,1.0,9,,6
99,454,1.0,13,beaten,1
99,222,1.0,13,bunch,2
99,137,2.0,14,minced,3
99,245,0.75,8,,4
99,147,6.0,3,,5
99,768,6.0,3,,6
99,769,12.0,13,,7
99,462,1.0,10,,8
100,445,500.0,1,,1
100,260,1.0,8,,2
100,446,7.0,1,,3
100,197,300.0,13,ml,4
100,36,40.0,1,,5
100,112,1.0,13,,6
100,303,1.0,13,dash,7
100,36,25.0,1,,8
100,35,75.0,1,,9
100,75,2.0,8,,10
100,448,150.0,1,,11
100,197,2.0,9,,12
100,45,2.0,9,,13
101,57,1.0,13,,1
101,559,0.25,10,,2
101,454,1.0,13,,3
101,197,0.25,10,,4
101,125,0.5,10,,5
101,323,1.0,9,,6
101,217,0.5,8,,7
101,260,0.5,8,,8
101,24,0.25,8,,9
101,139,0.25,8,,10
101,49,0.25,8,,11
101,46,0.5,8,,12
101,210,1.0,10,,13
101,551,1.0,13,,14
102,209,1.0,9,,1
102,1,1.0,13,whole,2
102,340,1.0,13,large chopped,3
102,245,1.0,13,chopped,4
102,137,3.0,14,crushed,5
102,72,225.0,1,,6
102,292,1.0,9,,7
102,290,1.0,9,chopped,8
102,314,150.0,13,ml,9
102,60,800.0,13,ml,10
102,249,400.0,1,,11
102,222,2.0,9,chopped,12
103,36,50.0,1,,1
103,340,1.0,13,chopped,2
103,204,100.0,1,,3
103,233,40.0,1,,4
103,344,1.0,13,,5
103,208,1.0,11,,6
103,206,1.0,11,,7
103,1,250.0,1,,8
103,363,2.0,12,,9
103,236,2.0,13,large,10
103,36,1.0,13,knob,11
104,36,2.0,9,,1
104,210,3.0,9,,2
104,1,5.0,13,boneless,3
104,260,1.0,8,,4
104,279,1.0,13,cut into inch cubes,5
104,32,1.0,13,head chopped,6
104,204,8.0,3,sliced,7
104,229,1.0,13,red,8
104,340,1.0,13,chopped,9
104,137,3.0,14,,10
104,246,0.5,8,,11
104,314,0.5,10,,12
104,197,0.5,10,,13
104,162,0.5,10,,14
104,220,1.0,10,grated,15
104,27,16.0,3,,16
104,260,1.0,11,,17
104,229,1.0,11,,18
104,222,1.0,13,chopped,19
105,1,1.5,13,kg,1
105,36,25.0,1,,2
105,210,6.0,9,,3
105,244,2.0,13,sliced,4
105,245,3.0,13,large,5
105,72,130.0,1,,6
105,475,8.0,13,,7
105,137,6.0,14,sliced,8
105,15,300.0,1,,9
105,292,1.0,13,drizzle,10
105,217,0.5,8,,11
105,17,4.0,13,,12
105,290,1.0,12,,13
105,60,350.0,13,ml,14
105,107,180.0,1,,15
105,186,2.0,13,,16
105,339,100.0,1,,17
105,260,0.0,16,,18
105,229,0.0,16,,19
106,1,8.0,3,,1
106,260,1.0,11,,2
106,229,1.0,11,,3
106,143,1.0,8,,4
106,142,1.0,8,,5
106,278,1.0,9,,6
106,249,0.5,10,,7
106,309,8.0,10,,8
106,85,2.0,3,,9
107,210,1.0,9,,1
107,340,1.0,13,chopped,2
107,57,200.0,1,,3
107,142,1.0,11,,4
107,161,2.0,9,,5
107,376,10.0,13,,6
107,62,220.0,1,,7
107,359,200.0,1,,8
107,60,200.0,13,ml,9
107,85,1.0,12,,10
108,113,14.0,3,jar,1
108,269,3.0,10,,2
108,88,6.0,13,,3
108,58,2.0,13,,4
109,190,500.0,1,,1
109,60,2.0,10,,2
109,162,0.5,10,,3
109,116,1.0,15,,4
109,260,1.0,8,,5
109,57,3.0,13,diced,6
109,210,2.0,9,,7
109,340,1.0,13,small finely diced,8
109,245,2.0,13,finely diced,9
109,137,2.0,14,minced,10
109,52,1.0,10,,11
109,222,0.0,17,chopped,12
110,61,1.0,4,,1
110,260,1.0,8,,2
110,478,3.0,9,,3
110,454,3.0,13,large,4
110,340,0.67,10,,5
110,137,2.0,14,minced,6
110,158,2.0,8,,7
110,42,1.0,13,large,8
110,226,0.67,10,,9
110,171,4.0,10,,10
110,496,2.0,13,sliced,11
110,601,0.5,8,,12
110,274,2.5,9,,13
110,414,1.0,8,,14
111,60,450.0,13,ml,1
111,57,3.0,13,,2
111,36,75.0,1,,3
111,182,2.0,13,sliced,4
111,137,2.0,14,minced,5
111,233,50.0,1,,6
111,197,200.0,13,ml,7
111,314,3.0,9,,8
111,105,150.0,13,ml,9
111,419,150.0,1,,10
111,263,1.0,13,spinkling,11
111,229,1.0,11,,12
111,233,350.0,1,,13
111,36,200.0,1,,14
111,128,1.0,13,,15
111,83,1.0,9,,16
111,128,1.0,13,,17
112,1,1.2,2,,1
112,340,5.0,13,thinly sliced,2
112,293,2.0,13,finely chopped,3
112,137,8.0,14,chopped,4
112,145,1.0,9,,5
112,303,0.25,10,,6
112,95,2.0,8,,7
112,87,3.0,8,,8
112,297,1.0,8,,9
112,66,1.0,8,,10
112,152,2.0,13,,11
112,319,1.0,10,,12
112,90,0.75,10,,13
112,120,3.0,8,dried,14
112,136,1.0,8,,15
112,260,0.0,16,,16
113,1,450.0,1,boneless skin,1
113,142,1.0,9,,2
113,137,1.0,14,,3
113,274,2.0,9,,4
113,258,1.0,9,,5
113,148,2.0,8,,6
113,235,0.33,10,,7
113,303,0.33,10,,8
113,183,0.33,10,,9
114,1,1.0,13,,1
114,15,2.0,10,,2
114,309,4.0,10,,3
114,340,1.0,13,large,4
114,137,4.0,14,,5
114,152,2.0,13,,6
114,260,1.0,8,,7
114,209,3.0,9,,8
114,297,1.0,9,,9
114,85,1.0,8,,10
114,41,0.5,9,,11
114,77,0.25,8,,12
114,75,0.5,8,,13
114,229,1.0,8,,14
114,16,2.0,13,,15
115,210,1.0,9,,1
115,204,300.0,1,,2
115,59,4.0,13,,3
115,352,500.0,1,,4
115,344,1.0,13,,5
115,339,100.0,1,,6
115,222,1.0,13,chopped,7
116,236,1.5,13,kg,1
116,36,30.0,1,,2
116,105,5.0,9,,3
116,111,2.0,13,,4
116,36,30.0,1,,5
116,267,7.0,13,,6
116,42,3.0,13,chopped,7
116,48,2.0,13,sticks,8
116,138,1.0,13,finely chopped,9
116,314,4.0,9,,10
116,292,1.0,9,,11
116,398,400.0,1,,12
116,60,350.0,13,ml,13
116,1,600.0,1,,14
116,339,16.0,13,,15
116,222,2.0,9,,16
116,159,50.0,1,,17
117,549,225.0,1,,1
117,36,25.0,1,,2
117,242,1.0,13,chopped,3
117,137,1.0,14,finely chopped,4
117,57,400.0,1,,5
117,210,2.0,9,,6
117,339,1.0,12,,7
117,244,1.0,13,chopped,8
117,121,100.0,1,,9
117,200,1.0,13,chopped,10
117,183,0.5,13,juice of,11
118,57,1.0,13,kg,1
118,137,2.0,14,minced,2
118,677,1.0,9,,3
118,157,1.0,9,,4
118,708,1.0,9,,5
118,46,1.0,8,,6
118,271,2.0,8,,7
118,260,2.0,8,,8
118,184,2.0,9,,9
118,210,3.0,9,,10
118,150,1.0,10,,11
118,137,1.0,14,peeled crushed,12
118,94,1.0,8,,13
118,184,1.0,13,splash,14
119,754,12.0,13,,1
119,137,2.0,14,minced,2
119,183,1.0,13,zest and juice of,3
119,95,1.0,8,,4
119,210,2.0,9,,5
119,163,1.0,9,,6
120,1,1.25,13,kg,1
120,210,2.0,9,,2
120,137,3.0,14,chopped,3
120,256,1.0,11,,4
120,650,125.0,13,ml,5
120,60,200.0,13,ml,6
120,290,1.0,9,,7
120,428,50.0,1,,8
120,230,2.0,9,,9
120,222,1.0,12,,10
121,62,400.0,1,,1
121,210,1.0,9,,2
121,217,1.0,11,,3
121,293,2.0,13,small cut chunks,4
121,244,1.0,13,finely sliced,5
121,367,2.0,8,,6
121,5,1.0,13,,7
121,188,1.0,13,juice of,8
121,188,1.0,13,chopped,9
121,273,100.0,1,,10
121,161,2.0,8,,11
121,88,4.0,13,,12
121,85,0.0,16,,13
122,115,4.0,9,,1
122,340,1.0,13,chopped,2
122,42,1.0,13,diced,3
122,48,1.0,13,diced,4
122,290,3.0,13,,5
122,17,2.0,13,,6
122,137,2.0,14,chopped,7
122,72,200.0,1,,8
122,75,0.25,8,,9
122,217,1.0,8,,10
122,62,800.0,1,,11
122,652,2.0,9,,12
122,277,400.0,1,,13
123,137,4.0,14,crushed,1
123,142,1.0,9,,2
123,184,1.0,9,,3
123,210,1.0,9,,4
123,63,0.5,8,,5
123,94,1.0,8,,6
123,178,8.0,13,,7
124,347,280.0,1,,1
124,348,200.0,1,,2
124,210,2.0,9,,3
124,138,2.0,14,chopped,4
124,242,1.0,13,large,5
124,175,24.0,13,skinned,6
124,55,12.0,13,,7
124,14,1.0,12,,8
124,187,1.0,13,leaves,9
124,30,0.0,16,,10
124,350,2.0,9,,11
124,188,2.0,13,grated zest of,12
124,45,2.0,8,,13
125,213,1.0,13,zest of,1
125,852,0.25,10,,2
125,274,0.25,10,,3
125,309,0.25,10,,4
125,491,0.33,10,,5
125,89,1.0,9,,6
125,414,1.0,9,,7
125,282,0.5,10,,8
125,61,650.0,1,,9
125,454,2.0,13,large,10
125,260,1.0,8,,11
125,24,0.25,8,,12
125,89,0.5,10,,13
125,623,0.5,10,,14
125,303,2.0,10,,15
125,137,2.0,14,chopped,16
125,267,1.0,13,chopped,17
125,496,1.0,13,sliced,18
125,266,0.0,17,,19
125,249,0.0,16,,20
126,234,1.0,4,,1
126,303,1.0,9,,2
126,112,5.0,13,large,3
126,414,1.0,8,,4
126,864,2.0,8,,5
126,282,2.0,8,,6
126,229,0.5,8,,7
126,260,0.25,8,,8
126,278,1.0,13,,9
126,171,2.0,10,,10
127,238,320.0,1,,1
127,385,4.0,9,,2
127,435,3.0,13,,3
127,458,4.0,9,,4
127,91,100.0,13,ml,5
127,323,1.0,9,,6
127,41,3.0,13,,7
128,197,80.0,1,,1
128,36,60.0,1,,2
128,795,1.0,9,,3
128,309,220.0,1,,4
128,454,9.0,13,,5
128,796,500.0,1,,6
128,260,10.0,1,,7
128,446,10.0,1,,8
128,794,1.0,13,splash,9
128,266,1.0,13,sprinkling,10
128,340,4.0,13,,11
128,681,8.0,13,,12
128,137,0.0,16,,13
128,10,8.0,13,,14
128,419,8.0,13,slices,15
128,374,8.0,13,slices,16
128,341,4.0,13,,17
128,187,0.25,13,,18
128,205,0.0,16,,19
128,636,0.0,16,,20
129,18,2.0,13,,1
129,30,2.0,13,,2
129,187,1.0,13,,3
129,341,1.0,13,,4
129,419,100.0,1,,5
129,374,100.0,1,,6
129,10,100.0,1,,7
129,454,1.0,13,,8
129,340,1.0,13,,9
129,229,1.0,13,,10
130,233,300.0,1,,1
130,36,75.0,1,,2
130,322,100.0,1,,3
130,323,1.0,9,,4
130,36,150.0,1,,5
130,383,200.0,13,ml,6
130,384,250.0,1,,7
130,385,100.0,1,,8
130,112,4.0,13,,9
130,300,1.0,8,,10
130,382,400.0,1,,11
130,386,200.0,1,,12
132,378,1.0,13,,1
132,37,3.0,9,,2
132,5,1.0,13,,3
132,163,2.0,9,,4
132,184,1.0,8,,5
132,299,1.0,8,,6
132,309,2.0,9,,7
132,263,1.0,11,,8
133,514,6.0,13,chopped,1
133,36,150.0,1,,2
133,515,120.0,1,,3
133,387,150.0,1,,4
135,36,100.0,1,,1
135,45,100.0,1,,2
135,454,2.0,13,,3
135,264,140.0,1,,4
135,11,1.0,8,,5
135,589,2.0,9,,6
135,197,2.0,9,,7
135,232,100.0,1,,8
135,36,25.0,1,,9
135,323,100.0,1,,10
135,471,100.0,1,,11
137,232,250.0,1,,1
137,36,175.0,1,,2
137,197,2.0,9,,3
137,112,5.0,13,,4
137,148,175.0,1,,5
137,125,125.0,1,,6
138,388,200.0,1,,1
138,387,100.0,1,,2
138,261,250.0,1,,3
138,384,400.0,1,,4
138,112,4.0,13,large,5
138,233,140.0,1,,6
138,79,50.0,1,,7
138,379,200.0,1,,8
139,457,142.0,13,ml,1
139,45,25.0,1,,2
139,388,100.0,1,,3
139,36,25.0,1,,4
139,36,1.0,13,drizzle,5
139,45,50.0,1,,6
139,388,175.0,1,,7
139,105,2.0,9,,8
139,111,4.0,13,,9
139,110,5.0,13,,10
139,105,2.0,9,,11
139,323,0.0,16,,12
131,36,150.0,1,,1
131,282,70.0,1,,2
131,454,1.0,13,,3
131,163,25.0,1,,4
131,623,175.0,1,,5
131,89,80.0,1,,6
131,797,30.0,1,,7
131,11,1.0,8,,8
131,11,1.0,8,,9
131,637,400.0,1,,10
131,387,500.0,1,,11
131,36,100.0,1,,12
131,213,1.0,13,zest of,13
134,284,1.0,13,for frying,1
134,167,0.0,16,,2
134,203,120.0,1,,3
134,36,60.0,1,,4
134,105,250.0,13,ml,5
134,388,100.0,1,,6
134,592,100.0,1,,7
134,75,2.0,8,,8
134,233,200.0,1,,9
134,589,50.0,1,,10
134,11,1.0,8,,11
134,300,1.0,8,,12
134,622,50.0,1,,13
136,84,400.0,1,,1
136,623,250.0,1,,2
136,797,25.0,1,,3
136,260,1.0,11,,4
136,36,125.0,1,,5
136,454,1.0,13,,6
136,197,3.0,9,,7
136,36,30.0,1,,8
136,282,30.0,1,,9
136,75,1.0,8,,10
140,767,1.0,10,,1
140,177,12.0,3,,2
140,340,1.0,13,finely chopped,3
140,24,1.0,8,,4
140,217,1.0,8,,5
140,603,1.0,8,,6
140,260,0.0,16,,7
140,303,3.0,9,,8
140,74,1.0,13,bunch,9
140,200,1.0,13,bunch,10
140,48,1.0,13,,11
140,62,14.0,3,jar,12
140,309,4.0,10,,13
140,320,1.0,13,diced,14
140,42,1.0,13,diced,15
140,292,1.0,9,,16
140,341,3.0,13,medium,17
140,236,1.0,13,diced,18
141,72,4.0,13,,1
141,349,4.0,13,,2
141,636,1.0,13,drizzle,3
142,398,400.0,1,,1
142,72,110.0,1,,2
142,661,140.0,1,,3
142,595,1.0,13,sprinkling,4
142,62,400.0,1,can,5
142,60,1.0,13,,6
142,349,0.0,16,,7
143,593,500.0,1,,1
143,454,4.0,13,,2
143,151,225.0,1,,3
143,72,225.0,1,,4
143,138,1.0,13,sliced,5
143,652,2.0,9,,6
143,222,2.0,9,chopped,7
144,667,3.0,13,,1
144,244,0.5,13,,2
144,290,1.0,13,sprigs of fresh,3
144,652,1.0,9,,4
144,115,2.0,9,,5
144,72,100.0,1,,6
145,236,1.0,13,small,1
145,210,1.0,8,,2
145,72,50.0,1,,3
145,454,3.0,13,,4
145,222,1.0,13,chopped,5
145,52,25.0,1,,6
147,261,250.0,1,,1
147,98,225.0,1,,2
147,146,150.0,1,,3
147,213,1.0,13,zest of,4
147,255,500.0,1,,5
147,73,250.0,1,,6
148,213,3.0,13,,1
148,100,1.0,9,,2
148,528,2.0,9,,3
148,73,300.0,1,,4
148,430,500.0,1,,5
148,373,250.0,1,,6
148,105,284.0,13,ml,7
148,123,1.0,12,,8
148,388,1.0,13,grated,9
146,36,200.0,1,,1
146,203,200.0,1,,2
146,233,200.0,1,,3
146,112,4.0,13,beaten,4
146,156,50.0,1,,5
146,529,100.0,13,ml,6
146,527,85.0,1,,7
146,450,85.0,1,,8
146,428,250.0,1,,9
146,429,250.0,1,,10
146,382,100.0,1,,11
146,183,1.0,13,grated zest of,12
146,531,1.0,9,,13
146,530,1.0,9,,14
146,300,0.5,8,,15
146,11,0.5,8,,16
149,137,4.0,14,,1
149,242,1.0,13,small,2
149,157,1.0,8,,3
149,217,1.0,8,,4
149,24,0.5,8,,5
149,46,0.5,8,,6
149,260,0.5,8,,7
149,210,2.0,9,,8
149,765,2.0,4,,9
149,292,1.0,9,,10
149,309,1.0,13,boiled,11
149,260,0.0,16,,12
150,36,50.0,1,,1
150,300,0.5,8,,2
150,233,250.0,1,,3
150,11,1.0,8,,4
150,284,1.0,6,,5
150,30,2.0,13,chopped,6
150,388,200.0,1,,7
150,105,100.0,5,,8
150,197,100.0,5,,9
150,146,3.0,9,,10
150,300,0.5,8,,11
150,45,100.0,1,,12
150,75,2.0,8,,13
151,462,100.0,1,,1
151,197,200.0,13,ml,2
151,260,1.0,8,,3
151,125,250.0,1,,4
151,611,250.0,1,,5
151,612,1.0,8,,6
151,41,1.0,8,,7
151,45,1.0,9,,8
151,454,2.0,13,,9
151,210,1.0,13,dash,10
151,462,75.0,1,,11
151,45,100.0,1,,12
151,75,2.0,9,,13
151,454,1.0,13,,14
152,351,1.0,2,,1
152,36,50.0,1,,2
152,10,150.0,1,,3
152,340,1.0,13,finely chopped,4
152,290,1.0,13,sprigs of fresh,5
152,16,1.0,13,,6
152,233,1.0,9,,7
152,197,150.0,13,ml,8
152,105,150.0,13,ml,9
152,236,2.0,13,medium,10
152,222,1.0,13,chopped,11
153,72,50.0,1,,1
153,340,1.0,13,chopped,2
153,138,1.0,13,,3
153,222,1.0,13,bunch,4
153,304,200.0,13,ml,5
153,398,400.0,1,,6
153,370,400.0,1,,7
153,652,1.0,8,,8
153,351,600.0,1,,9
153,349,0.0,16,,10
154,442,50.0,1,,1
154,28,2.0,13,large,2
154,527,200.0,1,,3
154,208,1.0,13,whole,4
154,428,1.0,13,kg,5
154,233,140.0,1,,6
154,31,100.0,1,,7
154,203,100.0,1,,8
154,112,3.0,13,large,9
154,29,2.0,9,,10
154,36,250.0,1,,11
155,478,2.0,9,,1
155,340,1.0,13,chopped,2
155,137,2.0,14,minced,3
155,483,1.0,4,,4
155,537,1.0,4,,5
155,830,1.0,8,,6
155,260,0.0,16,,7
155,229,0.0,16,,8
155,707,0.5,8,,9
155,678,0.5,8,,10
155,16,1.0,13,,11
155,21,1.0,10,,12
155,831,1.0,13,small,13
155,390,4.0,13,,14
155,454,1.0,13,beaten,15
156,36,1.0,13,knob,1
156,538,2.0,13,,2
156,10,4.0,13,,3
156,236,2.0,13,,4
156,42,1.0,13,,5
156,418,0.5,13,,6
156,411,0.5,13,,7
156,16,1.0,13,,8
156,570,100.0,13,ml,9
156,60,100.0,1,,10
157,210,1.0,9,,1
157,10,3.0,1,rashers chopped dry-cured,2
157,267,12.0,13,small,3
157,59,2.0,1,,4
157,61,4.0,1,,5
157,58,2.0,1,,6
157,137,3.0,13,finely chopped,7
157,29,3.0,9,,8
157,247,600.0,13,ml,9
157,60,150.0,13,ml,10
157,292,2.0,8,,11
157,290,3.0,13,sprigs,12
157,369,2.0,13,sprigs,13
157,17,2.0,13,,14
157,222,0.0,17,,15
157,56,250.0,1,,16
157,233,2.0,9,,17
157,36,1.0,8,,18
158,404,1.0,10,,1
158,340,1.0,13,large,2
158,42,1.0,13,large,3
158,292,1.0,9,,4
158,94,2.0,8,,5
158,217,1.0,8,,6
158,200,0.5,8,,7
158,290,0.5,8,,8
158,24,0.25,8,,9
158,246,0.25,8,,10
158,304,4.0,10,,11
158,309,1.0,10,,12
158,263,1.0,11,,13
161,462,3.0,9,,1
161,340,1.0,13,medium chopped,2
161,580,3.0,10,,3
161,236,3.0,13,chopped,4
161,176,1.0,13,dash,5
161,24,1.0,13,dash,6
161,133,1.0,13,chopped,7
159,18,3.0,4,,1
159,270,10.0,13,,2
159,42,5.0,13,,3
159,411,1.0,13,head,4
160,210,1.0,9,,1
160,411,0.5,13,,2
160,396,1.0,13,chopped,3
160,340,1.0,13,chopped,4
160,137,2.0,14,minced,5
160,580,12.0,3,,6
160,234,2.0,13,chopped,7
160,290,2.0,13,sprigs,8
160,291,1.0,9,,9
160,260,0.0,16,,10
160,229,0.0,16,,11
162,442,2.0,10,,1
162,282,0.75,10,,2
162,282,1.0,9,,3
162,603,0.25,8,,4
162,454,1.0,13,,5
162,526,1.0,9,,6
162,623,2.0,10,,7
162,462,0.5,10,,8
162,260,1.0,11,,9
162,454,1.0,13,beaten,10
162,303,3.0,9,,11
162,526,1.0,9,,12
162,755,3.0,9,,13
163,125,250.0,1,,1
163,36,125.0,1,,2
163,454,1.0,13,,3
163,260,1.0,11,,4
163,53,300.0,1,,5
163,197,100.0,13,ml milk,6
163,112,3.0,13,,7
163,220,100.0,1,,8
163,234,350.0,1,,9
163,313,3.0,13,tbsp,10
163,163,1.0,9,,11
163,13,1.0,13,topping,12
164,210,3.0,9,,1
164,212,2.0,13,chopped,2
164,48,2.0,13,sticks,3
164,42,300.0,1,,4
164,236,500.0,1,,5
164,16,4.0,13,,6
164,292,5.0,9,,7
164,282,2.0,9,,8
164,313,2.0,9,,9
164,71,1.0,2,,10
164,352,500.0,1,,11
164,305,3.0,13,,12
164,315,400.0,13,ml,13
165,197,400.0,13,ml,1
165,105,150.0,13,ml,2
165,76,1.0,13,,3
165,214,1.0,13,,4
165,185,1.0,13,,5
165,111,7.0,13,,6
165,45,100.0,1,,7
165,45,6.0,9,,8
165,330,45.0,1,,9
166,108,1.0,13,large,1
166,31,1.0,10,,2
166,266,50.0,1,,3
166,112,2.0,13,,4
166,260,0.0,16,,5
166,229,0.0,16,,6
166,303,1.0,13,for frying,7
167,173,1.0,13,bunch,1
167,168,8.0,13,,2
167,411,1.0,13,head chopped,3
167,138,8.0,13,,4
167,340,1.0,13,sliced,5
167,412,1.0,13,sliced,6
167,60,1.0,10,,7
167,260,1.0,13,,8
167,229,1.0,13,,9
168,40,2.0,15,,1
168,303,3.0,9,,2
168,293,2.0,10,,3
168,50,5.0,13,,4
168,137,2.0,14,,5
168,222,1.0,11,,6
168,72,0.5,2,chopped,7
169,236,600.0,1,,1
169,397,1.0,13,chopped,2
169,42,1.0,13,chopped,3
169,396,1.0,13,chopped,4
169,8,1.0,13,small,5
169,340,1.0,13,large chopped,6
169,356,800.0,1,,7
169,140,1.0,9,,8
169,292,1.0,9,,9
169,210,80.0,5,,10
169,290,1.0,13,sprinking,11
169,314,250.0,13,ml,12
169,229,1.0,11,,13
170,58,4.0,13,-,1
170,306,1.0,15,,2
170,94,1.0,9,,3
170,271,1.0,9,,4
170,137,1.0,8,,5
170,248,1.0,15,,6
170,160,12.0,13,,7
170,268,2.0,10,,8
170,149,1.0,13,halved,9
170,170,1.0,13,sliced and seeded,10
170,5,1.0,13,peeled and sliced,11
170,155,2.0,9,,12
170,273,3.0,9,,13
170,197,1.0,9,,14
171,93,1.0,13,large,1
171,282,1.0,8,,2
171,118,1.0,13,sliced,3
171,273,150.0,13,ml,4
171,183,1.0,13,juice of,5
171,512,1.0,9,,6
171,103,1.0,13,bunch,7
172,48,2.0,13,,1
172,340,1.0,13,chopped,2
172,42,2.0,13,large,3
172,17,5.0,13,,4
172,290,3.0,13,,5
172,303,2.0,9,,6
172,36,1.0,9,,7
172,125,2.0,9,,8
172,292,2.0,9,,9
172,318,2.0,9,,10
172,584,2.0,13,,11
172,582,800.0,1,,12
172,236,800.0,1,,13
172,583,25.0,1,,14
172,220,25.0,1,,15
173,294,1.0,10,,1
173,309,2.0,10,,2
173,260,1.0,8,,3
173,296,0.25,8,,4
173,141,3.0,9,,5
173,71,1.0,10,,6
173,95,0.5,8,,7
173,207,0.5,8,,8
173,16,2.0,13,,9
173,152,1.0,9,chopped,10
173,142,2.0,8,shredded,11
173,74,2.0,9,,12
173,245,0.5,8,,13
173,260,0.5,8,,14
173,282,1.0,8,,15
173,136,0.25,8,,16
174,827,2.0,10,,1
174,309,1.0,10,,2
174,299,1.0,10,,3
174,453,2.0,10,,4
174,623,1.0,10,,5
174,35,1.0,10,,6
174,11,0.5,8,,7
174,260,0.25,8,,8
174,462,1.0,10,,9
175,679,200.0,1,,1
175,303,2.0,9,,2
175,137,3.0,14,chopped,3
175,680,3.0,13,chopped,4
175,681,225.0,1,,5
175,32,100.0,1,,6
175,14,1.0,12,,7
175,274,4.0,9,,8
175,216,4.0,9,,9
175,122,1.0,8,,10
175,282,1.0,9,,11
176,263,1.0,12,,1
176,16,4.0,13,,2
176,137,4.0,14,,3
176,290,1.0,12,,4
176,343,4.0,13,,5
176,314,100.0,13,ml,6
177,197,1.0,6,,1
177,282,300.0,1,,2
177,11,0.25,8,,3
177,300,1.0,8,,4
178,442,100.0,1,,1
178,36,180.0,1,,2
178,203,180.0,1,,3
178,213,1.0,13,zest of,4
178,440,3.0,9,,5
178,233,225.0,1,,6
178,11,1.0,8,,7
178,112,3.0,13,large,8
178,156,100.0,1,,9
178,197,2.0,9,,10
178,448,500.0,1,,11
178,450,100.0,1,,12
178,197,1.0,9,,13
178,45,2.0,8,,14
179,125,125.0,1,,1
179,872,125.0,1,,2
179,112,2.0,13,,3
179,36,1.0,13,knob,4
179,197,300.0,13,ml,5
179,446,10.0,1,,6
179,618,1.0,13,tsp,7
179,36,0.0,16,,8
179,323,0.0,16,,9
180,197,15.0,5,,1
180,617,10.0,1,,2
180,623,250.0,1,,3
180,462,120.0,1,,4
180,282,80.0,1,,5
180,454,1.0,13,,6
180,260,1.0,11,,7
180,877,200.0,1,,8
180,35,120.0,1,,9
180,462,80.0,1,,10
180,75,1.0,8,,11
181,282,1.0,10,,1
181,309,1.0,10,,2
181,184,1.0,8,,3
181,526,2.0,9,,4
181,623,2.0,10,,5
181,303,2.0,9,,6
181,454,1.0,13,,7
181,184,0.5,8,,8
181,260,1.0,11,,9
181,526,1.0,9,,10
181,442,4.0,10,,11
181,282,1.0,10,,12
181,454,3.0,13,,13
181,11,0.5,8,,14
181,299,1.0,8,,15
181,183,1.0,13,zest of,16
181,526,2.0,9,,17
181,89,1.0,13,sprinkling,18
181,230,0.0,16,,19
182,115,2.0,9,,1
182,340,1.0,13,,2
182,72,150.0,1,,3
182,245,1.0,13,,4
182,395,1.0,13,,5
182,640,1.0,8,,6
182,137,4.0,14,,7
182,398,400.0,1,,8
182,153,150.0,1,,9
182,370,400.0,1,,10
182,61,8.0,13,,11
182,222,1.0,13,handfull,12
183,36,250.0,1,,1
183,233,350.0,1,,2
183,183,0.5,13,juice of,3
183,36,25.0,1,,4
183,429,200.0,1,,5
183,431,50.0,1,,6
183,203,100.0,1,,7
183,75,1.0,8,,8
183,142,1.0,8,,9
183,518,1.0,8,,10
183,183,1.0,13,zest of,11
183,112,1.0,13,beaten,12
183,282,1.0,13,spinkling,13
184,60,3.0,10,,1
184,260,0.25,8,,2
184,282,0.25,8,,3
184,229,1.0,11,,4
184,414,1.0,8,,5
184,226,0.33,10,,6
184,204,0.33,10,,7
184,89,1.0,9,,8
184,309,2.0,9,,9
184,278,0.25,10,,10
185,859,1.0,10,,1
185,274,1.0,9,,2
185,860,1.0,9,,3
185,216,1.0,9,,4
185,229,0.5,8,,5
185,89,1.0,9,,6
185,309,1.0,9,,7
185,89,1.0,9,,8
185,309,1.0,9,,9
185,454,8.0,13,large,10
185,176,0.5,8,,11
185,282,0.25,8,,12
185,278,1.0,13,,13
185,861,1.0,10,,14
185,625,20.0,13,,15
185,303,3.0,10,,16
185,171,2.0,10,,17
186,108,1.0,4,,1
186,282,2.0,9,,2
186,260,1.0,8,,3
186,229,1.0,8,,4
186,137,1.0,13,whole,5
186,210,3.0,9,,6
186,537,4.0,3,,7
186,491,3.0,9,,8
186,274,2.0,9,,9
186,16,2.0,13,,10
187,3,1.0,13,lb,1
187,340,1.0,13,,2
187,344,1.0,13,,3
187,293,2.0,13,,4
187,138,4.0,13,,5
187,292,1.0,9,,6
187,249,2.0,10,,7
187,505,0.25,10,,8
187,36,0.25,10,,9
187,210,2.0,10,,10
187,547,1.0,13,,11
187,94,1.0,9,,12
187,512,3.0,9,,13
187,260,0.0,16,,14
187,229,0.0,16,,15
188,623,500.0,1,,1
188,36,200.0,1,,2
188,309,120.0,13,ml,3
188,260,1.0,8,,4
188,483,500.0,1,,5
188,340,2.0,13,chopped,6
188,454,4.0,13,chopped,7
188,153,100.0,1,,8
188,94,1.0,8,,9
188,217,1.0,8,,10
188,260,0.0,16,,11
188,229,0.0,16,,12
189,262,2.0,13,,1
189,10,3.0,13,,2
189,204,2.0,13,,3
189,293,2.0,13,,4
189,443,1.0,13,slice,5
189,112,2.0,13,,6
189,30,1.0,13,slice,7
190,446,5.0,1,,1
190,45,200.0,1,,2
190,454,2.0,13,medium,3
190,644,600.0,1,,4
190,303,1.0,13,drizzle,5
190,422,100.0,1,,6
191,489,2.0,4,,1
191,303,0.5,10,,2
191,137,1.0,14,peeled crushed,3
191,142,0.5,8,,4
191,290,2.0,13,sprigs,5
191,16,1.0,13,,6
191,245,0.5,13,,7
191,395,0.5,13,,8
191,340,1.0,13,sliced,9
191,42,1.0,13,chopped,10
191,282,1.0,9,,11
191,518,0.5,8,,12
191,318,1.0,8,,13
191,486,1.0,13,,14
191,188,1.0,13,,15
191,490,0.75,10,,16
191,229,1.0,11,,17
192,281,500.0,1,,1
192,105,400.0,13,ml,2
192,196,21.0,13,.cm,3
192,143,1.0,9,,4
192,200,1.0,13,sprigs of fresh,5
193,341,3.0,13,large,1
193,747,1.0,13,medium,2
193,152,1.0,13,medium,3
193,340,1.0,13,small,4
193,137,2.0,14,minced,5
193,222,25.0,1,,6
193,748,2.0,9,,7
193,292,1.0,9,,8
193,749,2.0,9,,9
193,750,1.0,9,,10
193,751,2.0,8,,11
193,752,1.0,9,,12
193,115,60.0,5,,13
194,638,200.0,1,,1
194,309,600.0,13,ml,2
194,210,4.0,9,,3
194,260,0.0,16,,4
194,229,0.0,16,,5
195,284,2.0,9,,1
195,340,1.0,13,chopped,2
195,137,1.0,14,peeled crushed,3
195,62,400.0,1,,4
195,157,1.0,8,,5
195,677,1.0,8,,6
195,222,1.0,12,,7
195,454,1.0,13,beaten,8
196,577,12.0,13,,1
196,408,0.25,10,,2
196,309,0.25,10,,3
196,184,2.0,9,,4
196,137,2.0,14,,5
196,217,0.25,8,,6
196,547,6.0,13,,7
196,187,1.0,13,,8
196,341,1.0,13,,9
196,93,0.5,13,,10
196,550,1.0,13,,11
196,244,0.25,13,,12
196,161,3.0,8,,13
199,151,16.0,3,,1
199,210,0.25,10,,2
199,260,1.0,13,dash,3
199,137,1.0,14,,4
199,74,0.25,10,,5
198,537,500.0,1,,1
198,340,1.0,13,medium chopped,2
198,137,2.0,14,minced,3
198,30,2.0,13,sliced,4
198,197,1.0,13,shot,5
198,454,1.0,13,,6
198,260,1.0,8,,7
198,24,0.5,8,,8
198,193,1.0,8,,9
198,205,1.0,8,,10
198,222,1.0,9,chopped,11
198,125,0.5,10,,12
198,454,1.0,13,beaten,13
198,31,1.0,10,,14
198,303,1.0,13,for frying,15
200,236,225.0,1,,1
200,366,1.0,13,small,2
200,137,1.0,14,finely chopped,3
200,197,75.0,5,,4
200,105,100.0,13,ml,5
200,36,1.0,13,for greasing,6
200,220,0.0,16,,7
201,125,4.0,10,,1
201,309,1.0,10,,2
201,260,0.25,8,,3
201,462,1.0,10,,4
201,210,0.25,10,,5
202,328,1.0,4,,1
202,162,0.5,10,,2
202,36,0.5,10,,3
202,219,0.5,10,,4
202,222,2.0,9,,5
202,24,1.0,13,,6
203,329,227.0,1,,1
203,36,25.0,1,,2
203,330,1.0,8,,3
203,220,100.0,1,,4
203,208,1.0,13,grated,5
203,328,250.0,1,,6
203,222,1.0,13,chopped,7
204,623,2.0,10,,1
204,35,0.5,10,,2
204,11,2.0,8,,3
204,142,1.0,8,,4
204,518,1.0,8,,5
204,75,1.0,8,,6
204,428,1.0,10,,7
204,622,0.33,10,,8
204,795,0.5,10,,9
204,309,1.0,9,,10
207,210,2.0,9,,1
207,340,1.0,13,sliced,2
207,42,2.0,13,medium,3
207,337,3.0,10,,4
207,309,3.0,10,,5
207,236,4.0,13,large,6
207,16,3.0,13,,7
207,479,1.0,13,,8
207,2,1.0,13,,9
208,237,6.0,13,large,1
208,210,3.0,9,,2
208,107,150.0,13,ml,3
208,337,200.0,13,ml,4
208,366,1.0,13,small finely diced,5
208,340,1.0,13,small finely diced,6
208,137,3.0,14,chopped,7
208,236,1.0,13,large,8
208,213,1.0,13,,9
208,468,1.0,13,,10
208,16,1.0,13,,11
208,161,1.0,8,,12
208,292,2.0,9,,13
208,71,400.0,1,,14
208,331,1.0,12,,15
208,311,200.0,1,,16
208,290,2.0,13,,17
208,30,0.0,16,,18
205,425,600.0,1,,1
205,236,300.0,1,,2
205,152,1.0,13,chopped,3
205,85,3.0,9,,4
205,95,1.0,8,,5
205,229,0.5,8,,6
205,137,3.0,14,,7
205,142,2.0,13,pieces,8
205,125,2.0,9,,9
205,112,3.0,13,,10
205,31,75.0,1,,11
205,303,1.0,13,for frying,12
206,127,900.0,1,,1
206,210,2.0,9,,2
206,265,600.0,13,ml,3
206,312,800.0,1,,4
206,233,1.0,9,,5
206,208,1.0,13,grating,6
206,105,3.0,9,,7
206,172,200.0,1,,8
206,182,1.0,13,finely sliced,9
206,237,200.0,1,peeled raw,10
206,222,1.0,12,large,11
206,103,1.0,12,,12
206,183,1.0,13,grated zest of,13
206,159,25.0,1,grated,14
206,183,1.0,13,juice of,15
209,624,1.0,4,,1
209,137,1.0,14,,2
209,236,2.0,13,medium,3
209,42,2.0,13,,4
209,182,1.0,13,,5
209,36,3.0,9,,6
209,125,5.0,9,,7
209,337,4.0,10,,8
209,197,1.0,10,,9
209,91,1.0,10,,10
209,625,1.0,10,,11
209,465,1.0,9,,12
210,36,75.0,1,,1
210,182,1.0,13,kg,2
210,260,0.5,8,,3
210,91,300.0,13,ml,4
210,454,1.0,13,,5
210,111,3.0,13,,6
210,208,0.25,8,,7
210,233,225.0,1,,8
210,260,0.5,8,,9
210,36,60.0,1,,10
210,422,60.0,1,,11
210,52,50.0,1,,12
210,309,2.0,9,,13
211,282,100.0,1,,1
211,197,350.0,1,,2
211,282,45.0,1,,3
211,619,1.0,13,,4
211,111,4.0,13,,5
211,454,2.0,13,,6
211,637,0.0,16,,7
212,828,1.0,10,,1
212,622,6.0,9,,2
212,282,0.5,10,,3
212,603,0.5,8,,4
212,197,2.0,10,,5
212,282,0.5,10,,6
212,89,0.25,10,,7
212,111,3.0,13,,8
212,300,1.0,8,,9
212,260,0.25,8,,10
212,110,3.0,13,,11
212,282,0.25,10,,12
212,829,0.25,8,,13
213,210,3.0,9,,1
213,340,1.0,13,,2
213,137,2.0,14,,3
213,42,1.0,13,,4
213,130,2.0,10,,5
213,290,1.0,8,,6
213,16,3.0,13,,7
213,260,1.0,9,,8
213,48,2.0,13,sticks,9
214,112,3.0,13,,1
214,36,2.0,13,knobs,2
214,219,1.0,8,,3
214,464,3.0,13,chopped,4
214,222,1.0,9,chopped,5
214,465,1.0,9,chopped,6
214,159,4.0,9,,7
215,58,2.0,13,,1
215,42,12.0,3,,2
215,236,5.0,13,,3
215,340,1.0,13,,4
215,21,1.0,13,,5
215,374,1.0,10,,6
215,273,2.0,9,,7
215,36,1.0,13,,8
215,282,1.0,13,,9
215,303,1.0,13,,10
215,260,1.0,13,,11
215,229,1.0,13,,12
216,36,50.0,1,,1
216,210,1.0,9,,2
216,340,1.0,2,,3
216,282,1.0,8,,4
216,138,4.0,13,sliced,5
216,233,2.0,9,,6
216,107,250.0,13,ml,7
216,21,1.0,13,l,8
216,30,4.0,13,sliced,9
216,159,140.0,1,,10
217,572,500.0,1,,1
217,303,1.0,13,dash,2
217,125,1.0,13,to glaze,3
217,260,1.0,13,dash,4
218,336,300.0,1,,1
218,233,200.0,1,,2
218,377,2.0,9,,3
218,137,1.0,14,peeled crushed,4
218,544,5.0,9,,5
218,303,1.0,13,for frying,6
218,183,0.0,16,,7
219,322,1.0,3,,1
219,282,1.0,10,,2
219,300,1.0,8,,3
219,125,1.0,13,,4
219,238,2.0,13,,5
219,281,1.0,13,,6
219,379,1.0,13,,7
219,433,1.0,13,,8
220,488,2.0,10,,1
220,222,0.33,10,,2
220,210,1.0,13,dash,3
220,186,3.0,13,,4
220,138,4.0,13,,5
220,94,1.0,13,sprinking,6
221,262,4.0,13,,1
221,10,4.0,13,,2
221,204,4.0,13,,3
221,293,3.0,13,,4
221,443,2.0,13,sliced,5
221,112,2.0,13,,6
221,30,1.0,13,slice,7
221,444,100.0,1,,8
222,148,0.75,10,,1
222,300,1.0,8,,2
222,36,0.67,10,,3
222,111,4.0,13,,4
222,125,2.0,10,,5
222,11,1.0,8,,6
222,442,1.0,10,,7
222,35,0.75,10,,8
222,622,2.0,9,,9
222,454,2.0,13,medium,10
222,29,2.0,9,,11
222,519,5.0,13,drops,12
222,454,1.0,13,,13
197,177,3.0,4,,1
197,626,1.0,13,head,2
197,627,3.0,9,,3
197,260,3.0,8,,4
197,309,1.0,10,,5
197,125,5.0,9,,6
223,240,12.0,13,,1
223,138,3.0,13,,2
223,210,100.0,5,,3
223,46,3.0,13,,4
223,222,1.0,9,chopped,5
224,240,500.0,1,,1
224,210,3.0,9,,2
224,69,1.0,13,,3
224,133,1.0,11,,4
224,314,250.0,13,ml,5
224,71,1.0,1,tin,6
224,198,0.5,8,,7
224,92,1.0,1,pack,8
225,210,3.0,9,,1
225,137,3.0,14,chopped,2
225,237,400.0,1,,3
225,650,2.0,9,,4
225,222,1.0,12,,5
226,57,1.0,13,,1
226,233,0.75,10,,2
226,454,1.0,13,,3
226,499,2.0,9,,4
226,11,1.0,9,,5
226,260,1.0,8,,6
226,211,0.5,8,,7
226,139,0.25,8,,8
226,309,0.75,10,,9
226,60,0.5,10,,10
226,502,0.25,10,,11
226,274,3.0,9,,12
226,163,2.0,9,,13
226,491,1.0,9,,14
226,414,2.0,9,,15
226,503,0.5,9,,16
226,499,2.0,9,,17
226,137,1.0,14,,18
226,278,2.0,13,chopped,19
226,142,1.0,8,,20
227,264,300.0,1,,1
227,35,150.0,1,,2
227,875,10.0,1,,3
227,260,1.0,11,,4
227,36,125.0,1,,5
227,197,10.0,9,,6
227,876,300.0,1,,7
227,454,1.0,13,,8
227,197,1.0,13,for brushing,9
227,442,0.0,17,,10
228,370,400.0,1,,1
228,210,3.0,9,,2
228,340,1.0,13,chopped,3
228,138,2.0,13,chopped,4
228,292,2.0,9,,5
228,293,800.0,1,,6
228,282,1.0,9,,7
228,106,1.0,9,,8
228,75,1.0,11,,9
228,70,2.0,9,,10
229,411,1.0,13,,1
229,36,2.0,9,,2
229,340,1.0,13,chopped,3
229,483,1.0,4,,4
229,537,0.5,4,,5
229,249,1.0,10,,6
229,137,1.0,8,,7
229,260,1.0,8,,8
229,24,0.25,8,,9
229,292,3.0,15,,10
230,162,2.0,10,,1
230,84,1.0,3,,2
230,300,1.0,8,,3
230,833,1.0,10,,4
231,8,2.0,13,large,1
231,210,2.0,9,,2
231,150,250.0,1,,3
231,757,3.0,9,,4
231,137,1.0,14,peeled crushed,5
231,183,1.0,13,juice of,6
231,85,1.0,12,,7
231,222,1.0,12,,8
231,200,1.0,12,,9
232,760,250.0,1,,1
232,644,250.0,1,,2
232,446,15.0,1,,3
232,282,1.0,8,,4
232,210,2.0,9,,5
235,190,8.0,3,grams),1
235,233,0.33,10,,2
235,206,0.75,8,,3
235,139,0.5,8,,4
235,176,0.5,8,,5
235,24,0.5,8,,6
235,46,0.12,8,,7
235,36,6.0,9,grams),8
235,315,1.0,10,milliliters),9
235,162,1.0,10,milliliters),10
235,201,1.0,4,grams),11
235,36,4.0,9,grams),12
235,139,1.0,8,,13
235,30,16.0,13,slices square,14
235,52,8.0,13,slices mild,15
235,82,8.0,13,slices,16
235,36,4.0,9,grams),17
236,572,8.0,13,,1
236,210,2.0,9,,2
236,137,3.0,14,,3
236,217,1.0,9,,4
236,183,0.5,13,,5
236,369,4.0,13,sprigs,6
236,242,1.0,13,,7
233,210,4.0,9,,1
233,340,1.0,13,chopped,2
233,242,1.0,13,chopped,3
233,142,2.0,13,cm piece,4
233,157,0.5,8,,5
233,62,400.0,1,,6
233,341,200.0,1,,7
233,183,0.5,13,juice of,8
233,8,2.0,13,,9
233,150,200.0,1,,10
233,138,1.0,13,,11
233,381,25.0,1,,12
233,85,1.0,12,,13
234,108,6.0,13,,1
234,81,1.0,15,,2
234,184,1.0,9,,3
234,260,1.0,8,,4
234,246,0.0,16,,5
234,212,4.0,13,sticks,6
237,233,75.0,1,,1
237,454,2.0,13,large,2
237,31,75.0,1,,3
237,284,1.0,13,for frying,4
237,115,4.0,9,,5
237,182,0.5,13,,6
237,643,70.0,1,,7
237,233,60.0,1,,8
237,304,75.0,5,,9
237,197,330.0,13,ml,10
237,208,1.0,13,grated,11
238,127,800.0,1,,1
238,36,50.0,1,,2
238,138,3.0,13,chopped,3
238,411,1.0,13,chopped,4
238,278,8.0,13,,5
238,105,100.0,13,ml,6
238,205,2.0,9,,7
238,419,180.0,1,,8
238,112,4.0,13,,9
239,765,1.0,4,,1
239,42,1.0,4,,2
239,151,1.0,10,,3
239,226,0.5,10,,4
239,103,1.0,9,,5
239,465,1.0,9,,6
239,197,3.0,10,,7
239,162,0.5,10,,8
239,36,0.5,10,,9
239,260,0.5,8,,10
239,24,0.25,8,,11
240,264,750.0,1,,1
240,282,6.0,9,,2
240,112,2.0,13,,3
240,197,1.0,10,,4
241,236,5.0,13,,1
241,32,1.0,13,,2
241,137,2.0,14,,3
241,57,2.0,13,,4
241,12,1.0,13,,5
241,163,1.0,13,,6
241,60,1.0,13,,7
241,36,1.0,9,,8
241,303,1.0,9,,9
241,210,1.0,9,,10
242,2,1.0,4,,1
242,210,1.0,9,,2
242,274,2.0,9,,3
242,258,2.0,9,,4
242,266,4.0,9,,5
243,102,100.0,1,,1
243,442,85.0,1,,2
243,36,85.0,1,,3
243,150,250.0,13,ml,4
243,373,750.0,1,,5
243,112,2.0,13,,6
243,183,1.0,13,zest of,7
243,213,1.0,13,zest of,8
243,163,250.0,13,ml,9
243,447,0.0,16,,10
245,68,2.0,10,,1
245,162,2.0,9,,2
245,84,1.0,3,– can,3
245,300,1.0,8,,4
245,310,1.0,10,,5
245,199,1.0,10,,6
244,204,0.33,10,,1
244,506,0.33,10,,2
244,493,0.67,10,,3
244,4,0.5,10,,4
244,60,2.0,10,,5
244,260,0.5,8,,6
244,282,0.25,8,,7
244,414,1.0,8,,8
244,229,0.25,8,,9
244,166,0.5,8,,10
244,308,1.0,10,,11
244,274,1.0,8,,12
244,89,1.0,9,,13
244,309,2.0,9,,14
244,278,0.25,10,,15
246,355,4.0,13,small,1
246,210,2.0,8,,2
246,157,1.0,8,,3
246,282,1.0,9,,4
246,512,3.0,9,,5
246,42,2.0,13,,6
246,278,2.0,13,sliced,7
246,626,400.0,1,,8
246,753,5.0,13,,9
246,544,3.0,9,,10
246,547,4.0,13,large,11
247,62,400.0,1,,1
247,757,1.0,9,,2
247,138,1.0,13,large,3
247,150,3.0,9,,4
247,183,1.0,13,juice of half,5
248,8,3.0,13,,1
248,210,2.0,9,,2
248,340,1.0,13,chopped,3
248,137,2.0,14,chopped,4
248,75,1.0,8,,5
248,341,8.0,13,,6
248,222,1.0,13,bunch,7
248,178,12.0,13,,8
248,217,1.0,11,,9
248,183,1.0,13,,10
248,150,150.0,1,,11
248,93,0.5,13,,12
248,200,2.0,9,chopped,13
249,316,300.0,1,soaked overnight in water,1
249,178,2.0,13,kg cut into cm cubes,2
249,210,120.0,13,ml,3
249,267,24.0,13,skinned,4
249,42,4.0,13,large,5
249,298,2.0,13,,6
249,47,1.0,13,,7
249,51,350.0,1,,8
249,314,150.0,13,ml,9
249,45,1.0,8,,10
249,132,4.0,13,sprigs,11
249,215,4.0,13,sprigs,12
249,60,450.0,13,ml,13
251,36,50.0,1,,1
251,264,250.0,1,,2
251,299,1.0,13,small,3
251,417,50.0,1,,4
251,197,150.0,13,ml,5
251,239,100.0,1,,6
251,430,0.0,16,,7
250,454,1.0,13,,1
250,36,1.0,10,,2
250,282,1.0,10,,3
250,795,0.5,10,,4
250,299,1.0,8,,5
250,11,2.0,8,,6
250,309,3.0,9,,7
250,11,2.0,9,,8
250,75,1.0,8,,9
250,260,2.0,8,,10
250,125,4.0,10,,11
250,566,2.0,10,,12
252,378,3.0,13,medium,1
252,300,1.0,8,,2
252,75,0.5,8,,3
252,208,0.25,8,,4
252,35,3.0,9,,5
252,260,1.0,11,,6
252,623,1.0,10,,7
252,209,1.0,13,for frying,8
253,233,4.0,10,,1
253,260,1.0,8,,2
253,96,1.0,8,,3
253,36,250.0,1,,4
253,309,1.0,10,,5
253,360,900.0,1,,6
253,518,1.0,8,,7
253,24,0.5,8,,8
253,303,2.0,9,,9
253,212,1.0,10,,10
253,245,1.0,13,ground,11
253,137,2.0,8,ground,12
253,290,1.0,9,,13
253,260,0.25,8,,14
253,291,2.0,9,,15
253,309,2.0,10,,16
253,212,0.5,10,,17
253,454,1.0,13,beaten,18
253,309,1.0,9,,19
253,309,0.25,10,,20
254,309,8.0,10,,1
254,260,0.5,9,,2
254,623,2.0,10,,3
254,260,1.0,8,,4
254,309,0.5,10,,5
255,309,4.0,10,,1
255,81,380.0,1,,2
255,850,1.0,10,,3
255,300,1.0,8,,4
255,603,0.5,8,,5
255,678,0.5,8,,6
255,845,0.25,8,,7
255,851,0.5,10,,8
256,61,2.0,4,,1
256,96,2.0,9,,2
256,832,1.0,8,,3
256,340,1.0,13,chopped,4
256,278,3.0,13,chopped,5
256,396,0.5,13,,6
256,137,4.0,14,chopped,7
256,486,1.0,13,chopped,8
256,290,3.0,13,sprigs,9
256,210,3.0,9,,10
256,309,0.25,10,,11
256,831,1.0,13,large,12
256,260,0.0,16,,13
256,229,0.0,16,,14
257,521,3.0,4,,1
257,842,2.5,9,,2
257,158,0.5,8,,3
257,832,0.5,8,,4
257,518,0.25,8,,5
257,340,1.0,13,chopped,6
257,137,6.0,14,sliced,7
257,290,3.0,13,sprigs,8
257,209,2.0,9,,9
257,309,1.0,10,,10
257,486,1.0,13,,11
257,831,1.0,13,large,12
257,260,0.0,16,,13
257,229,0.0,16,,14
258,848,1.0,4,,1
258,842,2.5,9,,2
258,832,1.0,8,,3
258,210,2.0,9,,4
258,340,1.0,13,sliced,5
258,245,1.0,13,sliced,6
258,396,1.0,13,sliced,7
258,486,1.0,13,sliced,8
258,137,3.0,14,chopped,9
258,849,380.0,1,,10
258,291,0.5,9,,11
258,290,4.0,13,sprigs,12
258,260,0.0,16,,13
258,229,0.0,16,,14
259,623,1.0,10,,1
259,800,0.5,10,,2
259,282,6.0,9,,3
259,11,2.0,8,,4
259,300,1.0,8,,5
259,260,0.5,8,,6
259,197,0.75,10,,7
259,209,1.0,13,for frying,8
260,623,2.0,10,,1
260,11,2.0,8,,2
260,260,1.0,8,,3
260,197,0.75,10,,4
260,209,1.0,10,,5
261,210,1.0,9,,1
261,340,1.0,13,chopped,2
261,137,1.0,14,finely chopped,3
261,278,2.0,13,chopped,4
261,249,2.0,10,,5
261,81,0.75,10,,6
261,309,0.75,10,,7
261,260,1.0,8,,8
261,518,0.5,8,,9
261,24,0.25,8,,10
261,406,450.0,1,,11
261,290,2.0,13,sprigs,12
262,625,1.0,4,,1
262,486,2.0,13,chopped,2
262,832,1.0,9,,3
262,837,2.0,8,,4
262,518,2.0,8,,5
262,838,0.75,10,,6
262,340,0.25,10,,7
262,137,2.0,14,minced,8
262,313,2.0,9,,9
262,290,3.0,13,sprigs,10
262,260,0.0,16,,11
263,249,2.0,10,,1
263,81,380.0,1,,2
263,406,450.0,1,,3
263,309,1.0,10,,4
263,176,2.0,8,,5
263,845,0.5,8,,6
263,24,0.25,8,,7
263,278,3.0,13,,8
263,290,2.0,13,sprigs,9
263,486,1.0,13,,10
264,623,380.0,1,,1
264,11,2.0,8,,2
264,603,2.0,8,,3
264,260,0.5,8,,4
264,454,1.0,13,large,5
264,35,150.0,1,,6
264,834,250.0,1,,7
264,197,0.33,10,,8
264,163,0.25,10,,9
264,462,4.0,9,,10
264,795,1.0,9,,11
264,835,1.0,8,,12
264,300,1.0,8,,13
264,658,0.5,10,,14
264,428,0.5,10,,15
264,836,0.5,10,,16
265,411,0.5,13,,1
265,42,2.0,13,sliced,2
265,234,1.0,13,chopped,3
265,340,1.0,13,chopped,4
265,137,4.0,14,chopped,5
265,278,4.0,13,chopped,6
265,290,4.0,13,sprigs,7
265,486,0.5,13,,8
265,309,2.0,9,,9
265,210,2.0,9,,10
265,462,4.0,9,,11
265,176,2.0,8,,12
265,24,1.0,8,,13
266,533,2.0,4,,1
266,81,1.0,10,,2
266,35,1.0,10,,3
266,623,0.5,10,,4
266,300,1.0,9,,5
266,518,1.0,8,,6
266,603,1.0,8,,7
266,678,1.0,8,,8
266,158,0.5,8,,9
266,260,0.25,8,,10
266,428,0.5,10,,11
266,81,0.75,10,,12
266,35,1.0,9,,13
266,603,0.12,8,,14
266,678,0.12,8,,15
267,642,150.0,1,,1
267,197,350.0,1,,2
267,210,45.0,1,,3
267,125,65.0,1,,4
267,641,35.0,1,,5
267,643,80.0,1,,6
267,454,1.0,13,,7
267,31,75.0,1,,8
267,303,1.0,6,,9
269,303,1.0,9,,1
269,340,1.0,13,large,2
269,4,1.0,13,chopped,3
269,304,150.0,13,ml,4
269,274,1.0,9,,5
269,413,1.0,8,,6
269,282,1.0,8,,7
269,112,2.0,13,beaten,8
269,568,200.0,1,,9
269,465,1.0,13,chopped,10
268,568,300.0,1,,1
268,413,1.0,9,,2
268,559,0.0,17,,3
268,278,0.0,17,,4
270,61,12.0,13,,1
270,188,0.5,13,,2
270,278,1.0,13,bunch,3
270,142,1.0,9,chopped,4
270,137,3.0,14,,5
270,340,0.5,13,,6
270,242,3.0,13,chopped,7
270,290,0.5,8,,8
270,188,1.0,13,juice of,9
270,274,2.0,9,,10
270,303,2.0,9,,11
270,35,3.0,9,,12
270,518,1.0,9,,13
270,15,200.0,1,,14
270,81,400.0,1,,15
270,278,1.0,13,bunch,16
270,290,2.0,13,sprigs,17
270,137,2.0,14,chopped,18
270,518,1.0,9,,19
270,406,800.0,1,,20
271,3,2.0,4,,1
271,823,1.0,10,,2
271,411,1.0,13,head,3
271,42,6.0,13,,4
271,298,1.0,13,large,5
271,236,8.0,13,,6
271,36,3.0,9,,7
271,24,0.0,16,,8
273,236,5.0,13,large,1
273,210,2.0,9,,2
273,396,1.0,13,,3
273,212,5.0,13,,4
273,524,1.0,9,,5
273,389,500.0,1,,6
273,112,24.0,13,skinned,7
273,260,1.0,11,,8
273,229,1.0,11,,9
274,134,250.0,1,,1
274,104,500.0,1,,2
274,140,1.0,13,topping,3
274,166,1.0,13,topping,4
274,187,1.0,13,bulb,5
274,341,1.0,13,,6
274,93,3.0,13,rd,7
274,147,100.0,1,,8
275,340,2.0,13,,1
275,36,1.0,9,,2
275,483,1.0,4,,3
275,260,0.5,8,,4
275,229,0.5,8,,5
275,208,0.5,8,,6
275,89,0.5,9,,7
275,309,50.0,5,,8
275,36,2.0,9,,9
276,57,4.0,13,pounded to cm thickness,1
276,233,2.0,9,,2
276,454,1.0,13,beaten,3
276,31,100.0,1,fine,4
276,303,230.0,13,ml frying,5
276,284,2.0,9,,6
276,212,2.0,13,sliced,7
276,137,5.0,14,chopped,8
276,42,2.0,13,sliced,9
276,233,2.0,9,,10
276,96,4.0,8,,11
276,60,600.0,13,ml,12
276,163,2.0,8,,13
276,274,4.0,8,,14
276,16,1.0,13,,15
276,136,1.0,8,,16
277,426,300.0,1,,1
277,17,2.0,13,,2
277,197,300.0,13,ml,3
277,112,4.0,13,,4
277,222,1.0,12,,5
277,85,1.0,12,,6
277,303,2.0,9,,7
277,340,1.0,13,chopped,8
277,85,1.0,8,,9
277,96,2.0,8,,10
277,249,300.0,1,,11
278,210,4.0,9,,1
278,177,750.0,1,,2
278,256,1.0,8,,3
278,340,1.0,13,large chopped,4
278,309,25.0,5,,5
278,222,30.0,1,,6
278,36,1.0,9,,7
278,183,1.0,13,,8
279,1,1.0,13,whole,1
279,209,2.0,13,quarts neutral frying,2
279,110,1.0,13,,3
279,125,1.0,10,,4
279,35,1.0,9,,5
279,260,1.0,9,,6
279,217,1.0,9,,7
279,211,2.0,8,,8
279,63,1.0,8,,9
279,24,1.0,8,,10
279,49,0.5,8,,11
279,257,0.5,8,,12
279,139,0.5,8,,13
279,518,0.5,8,,14
279,215,0.5,8,,15
279,13,0.5,8,,16
279,193,0.5,8,,17
280,309,4.0,10,,1
280,608,2.0,4,,2
280,138,4.0,13,,3
280,158,2.0,8,,4
280,209,2.0,9,,5
280,244,2.0,13,medium,6
280,341,4.0,13,,7
280,217,2.0,9,,8
280,24,0.5,8,,9
280,96,2.0,8,,10
280,292,4.0,9,,11
280,260,1.0,13,dash,12
280,65,1.0,13,,13
280,74,1.0,13,leaves,14
281,102,300.0,1,,1
281,36,150.0,1,,2
281,84,400.0,1,,3
281,111,3.0,13,,4
281,188,4.0,13,,5
281,105,300.0,13,ml,6
281,323,1.0,9,,7
281,188,0.0,16,,8
282,766,0.5,10,,1
282,766,2.0,9,,2
282,266,3.0,9,,3
282,282,1.0,9,,4
282,446,1.0,8,,5
282,260,0.75,8,,6
282,303,0.25,10,,7
282,454,1.0,13,,8
282,454,1.0,13,,9
282,197,1.0,10,,10
282,623,3.0,10,,11
282,623,2.0,9,,12
282,309,1.0,8,,13
283,303,1.0,9,,1
283,340,1.0,13,finely chopped,2
283,137,2.0,14,chopped,3
283,142,1.0,13,part,4
283,85,1.0,15,,5
283,94,1.0,8,,6
283,217,1.0,8,,7
283,136,2.0,8,,8
283,71,400.0,1,,9
283,406,400.0,1,,10
283,15,0.0,16,,11
284,702,400.0,1,,1
284,462,6.0,9,,2
284,439,1.0,11,,3
284,374,1.0,10,,4
284,322,0.25,10,,5
284,197,1.0,10,,6
284,282,4.0,9,,7
284,330,2.0,9,,8
284,282,1.0,10,,9
284,309,1.0,10,,10
284,530,1.0,8,,11
284,184,0.5,8,,12
286,33,1.0,10,,1
286,249,1.0,10,,2
286,85,0.5,8,,3
286,190,2.0,10,,4
286,62,1.0,15,,5
286,340,1.0,13,large,6
286,260,1.0,13,sprinking,7
286,303,0.5,10,,8
287,446,0.25,3,,1
287,309,0.25,10,,2
287,309,1.0,10,,3
287,282,0.5,10,,4
287,260,1.0,8,,5
287,112,2.0,13,,6
287,556,0.33,10,,7
287,125,5.0,13,drops,8
287,478,1.0,13,sprinking,9
287,197,0.5,10,,10
287,282,2.0,10,,11
287,299,1.0,10,,12
287,558,6.0,9,,13
287,36,0.33,10,,14
288,236,2.0,13,large,1
288,36,2.0,9,,2
288,53,150.0,1,,3
288,340,1.0,13,large,4
288,245,1.0,13,large,5
288,241,1.0,11,,6
289,258,2.0,9,,1
289,274,2.0,9,,2
289,414,2.0,9,,3
289,330,2.0,9,,4
289,309,2.0,9,,5
289,1,500.0,1,,6
289,66,1.0,9,,7
289,491,1.0,8,,8
289,35,1.0,9,,9
289,278,4.0,13,chopped,10
289,138,6.0,14,,11
289,492,220.0,1,,12
289,225,100.0,1,,13
290,237,400.0,1,,1
290,274,2.0,9,,2
290,292,1.0,8,,3
290,330,1.0,8,,4
290,45,1.0,8,,5
290,284,1.0,8,,6
290,225,85.0,1,,7
290,65,3.0,13,large,8
290,35,1.0,9,,9
290,138,6.0,14,,10
290,492,450.0,1,,11
290,142,0.0,16,,12
291,111,2.0,13,large,1
291,89,2.0,9,,2
291,148,0.25,10,,3
291,162,0.67,10,,4
291,197,0.75,10,,5
291,619,1.0,13,,6
291,36,0.67,10,,7
291,148,0.75,10,,8
291,111,5.0,13,large,9
291,125,1.0,10,,10
291,11,1.5,8,,11
291,197,0.5,10,,12
291,110,7.0,13,,13
291,148,1.0,10,,14
291,442,1.0,13,sliced,15
291,631,1.0,10,,16
292,210,1.0,9,,1
292,242,1.0,13,finely sliced,2
292,289,2.0,9,,3
292,305,1.0,13,,4
292,81,400.0,15,ml,5
292,122,2.0,8,,6
292,250,100.0,1,,7
292,188,2.0,13,"juice of , the other halved",8
292,175,150.0,1,,9
292,85,0.5,13,small pack,10
293,210,2.0,9,,1
293,244,2.0,13,chopped,2
293,137,4.0,14,crushed,3
293,157,2.0,8,,4
293,677,2.0,8,,5
293,398,400.0,1,,6
293,282,0.5,8,,7
293,200,10.0,1,,8
293,179,500.0,1,,9
293,376,8.0,13,,10
293,31,50.0,1,,11
293,547,0.0,16,,12
296,43,12.0,13,,1
296,174,0.5,9,,2
296,95,0.5,9,,3
296,212,3.0,13,sliced thinly,4
296,144,2.0,8,,5
296,137,4.0,13,whole,6
296,200,1.0,13,leaves,7
296,74,1.0,13,leaves,8
296,256,0.5,8,dissolved in cup warm milk,9
296,141,2.0,9,,10
296,15,2.0,10,,11
296,135,0.5,10,,12
296,95,1.0,9,,13
296,16,0.5,13,,14
296,75,1.0,13,thin piece,15
296,77,3.0,13,,16
296,41,2.0,13,,17
296,177,1.0,4,,18
296,243,1.0,8,,19
296,23,1.0,9,,20
297,177,50.0,1,,1
297,575,120.0,1,,2
297,184,1.0,9,,3
297,36,2.0,9,,4
297,340,1.0,13,chopped,5
297,177,450.0,1,,6
297,137,2.0,14,,7
297,304,600.0,13,ml,8
297,249,2.0,10,,9
297,256,1.0,11,,10
297,222,0.0,17,,11
298,340,2.0,13,quartered,1
298,284,4.0,9,,2
298,137,4.0,14,,3
298,142,1.0,13,thumb sized peeled and very finely grated,4
298,192,2.0,9,,5
298,217,2.0,8,,6
298,76,1.0,13,,7
298,41,6.0,13,bashed to break shells,8
298,77,4.0,13,,9
298,16,2.0,13,,10
298,292,1.0,9,,11
298,177,1.0,13,kg cubed,12
298,150,150.0,13,ml,13
298,85,0.0,17,chopped,14
299,210,2.0,9,,1
299,340,1.0,13,finely sliced,2
299,42,2.0,13,chopped,3
299,355,500.0,1,,4
299,137,2.0,14,minced,5
299,94,0.5,8,,6
299,142,0.5,8,,7
299,256,0.25,8,,8
299,75,1.0,8,,9
299,163,1.0,9,,10
299,357,100.0,1,,11
299,305,1.0,13,,12
299,358,1.0,13,medium chopped,13
299,359,1.0,13,steamed,14
299,222,1.0,13,chopped,15
301,548,25.0,1,,1
301,179,500.0,1,,2
301,94,1.0,8,,3
301,85,1.0,8,,4
301,217,1.0,8,,5
301,137,1.0,14,finely chopped,6
301,210,1.0,13,for frying,7
301,535,4.0,13,,8
301,93,1.0,13,grated,9
301,150,200.0,1,,10
301,200,2.0,9,,11
294,137,2.0,14,,1
294,263,2.0,8,,2
294,210,4.0,9,,3
294,183,1.0,13,zest and juice of,4
294,103,1.0,9,,5
294,355,750.0,1,,6
294,547,0.0,16,,7
295,356,500.0,1,,1
295,125,1.0,9,,2
295,303,1.0,13,dash,3
295,340,1.0,13,sliced,4
295,42,2.0,13,sliced,5
295,304,350.0,13,mlfl,6
295,236,500.0,1,,7
295,390,450.0,1,,8
295,112,1.0,13,to glaze,9
300,210,2.0,9,,1
300,142,4.0,13,cm piece finely chopped,2
300,137,2.0,14,peeled and chopped,3
300,293,800.0,1,peeled and chopped,4
300,184,2.0,9,,5
300,45,1.0,8,,6
300,307,50.0,13,,7
300,118,1.0,13,large,8
300,179,400.0,1,,9
300,340,1.0,13,medium,10
300,236,1.0,13,small peeled and coarsely grated,11
300,15,2.0,9,,12
300,70,2.0,9,,13
300,85,2.0,9,chopped,14
300,184,1.0,9,,15
300,137,2.0,14,,16
300,138,0.5,8,ground,17
300,75,0.5,8,ground,18
300,293,2.0,13,medium,19
302,261,125.0,1,,1
302,592,250.0,1,,2
302,454,3.0,13,large,3
302,264,250.0,1,,4
302,197,3.0,9,,5
302,260,0.5,8,,6
302,105,250.0,13,ml,7
302,323,2.0,9,,8
302,239,200.0,1,,9
302,471,350.0,1,,10
302,462,80.0,1,,11
302,197,250.0,13,ml,12
302,589,50.0,1,,13
302,323,400.0,1,,14
303,36,100.0,1,,1
303,177,900.0,1,,2
303,423,3.0,13,,3
303,212,2.0,13,medium,4
303,42,4.0,13,sliced,5
303,233,25.0,1,,6
303,318,2.0,8,,7
303,60,500.0,13,ml,8
303,17,2.0,13,,9
303,236,900.0,1,,10
304,273,0.25,10,,1
304,69,2.0,9,,2
304,106,0.5,9,,3
304,260,0.25,8,,4
304,30,8.0,13,slices,5
304,10,8.0,13,slices,6
304,341,8.0,13,slices,7
304,374,4.0,13,slices,8
304,36,2.0,9,,9
305,210,1.0,9,,1
305,10,2.0,13,,2
305,340,1.0,13,finely chopped,3
305,48,1.0,13,stick,4
305,42,1.0,13,medium,5
305,137,2.0,14,chopped,6
305,360,500.0,1,,7
305,292,1.0,9,,8
305,71,800.0,1,,9
305,163,1.0,9,,10
305,180,500.0,1,,11
305,91,400.0,13,ml,12
305,202,125.0,1,,13
305,220,50.0,1,,14
305,14,1.0,13,topping,15
306,210,2.0,9,,1
306,340,1.0,13,medium finely diced,2
306,62,250.0,1,,3
306,304,1.5,13,l,4
306,94,1.0,8,,5
306,137,5.0,14,,6
306,260,0.5,8,,7
306,161,1.0,8,,8
306,229,1.0,11,,9
306,188,0.5,13,,10
307,142,1.0,9,chopped,1
307,138,2.0,13,chopped,2
307,682,3.0,13,,3
307,86,2.0,9,,4
307,242,2.0,13,sliced,5
307,303,2.0,9,,6
307,3,250.0,1,,7
307,274,2.0,9,,8
307,698,1.0,8,,9
307,35,1.0,8,,10
307,21,400.0,13,ml,11
307,250,100.0,1,,12
307,188,0.0,16,,13
308,645,500.0,1,,1
308,646,200.0,1,,2
308,389,300.0,1,,3
308,236,200.0,1,,4
308,3,300.0,1,,5
308,4,200.0,1,,6
308,72,1.0,13,,7
308,340,1.0,13,chopped,8
308,217,1.0,8,,9
308,260,0.0,16,,10
308,229,0.0,16,,11
309,493,450.0,1,,1
309,360,100.0,1,,2
309,414,0.5,9,,3
309,494,1.0,8,,4
309,495,0.5,8,,5
309,229,1.0,9,,6
309,260,0.5,8,,7
309,497,0.5,8,,8
309,274,1.0,9,,9
309,309,400.0,13,ml,10
309,210,2.0,9,,11
309,496,2.0,13,chopped,12
309,278,4.0,13,,13
309,137,2.0,14,chopped,14
309,142,4.0,13,sliced,15
309,309,2.0,9,,16
309,89,1.0,9,,17
310,36,175.0,1,,1
310,45,175.0,1,,2
310,112,3.0,13,,3
310,264,250.0,1,,4
310,197,3.0,9,,5
310,183,1.0,13,zest of,6
310,431,1.0,13,to glaze,7
311,233,300.0,1,,1
311,668,200.0,1,,2
311,284,25.0,1,,3
311,462,250.0,1,,4
311,197,50.0,5,,5
311,323,60.0,1,,6
312,225,85.0,1,,1
312,80,400.0,15,ml,2
312,194,4.0,9,,3
312,3,600.0,1,stewing cut into strips,4
312,236,450.0,1,waxy,5
312,340,1.0,13,cut thin wedges,6
312,188,4.0,13,leaves,7
312,76,1.0,13,,8
312,286,1.0,9,,9
312,35,1.0,9,palm or soft light,10
312,122,1.0,9,,11
312,65,0.0,16,"red deseeded and finely sliced,",12
312,171,0.0,16,,13
313,639,1.0,2,,1
313,372,200.0,1,,2
313,374,200.0,1,,3
313,215,1.0,9,,4
313,153,100.0,1,,5
313,260,0.0,16,,6
313,229,0.0,16,,7
314,284,1.0,9,,1
314,402,225.0,1,,2
314,142,2.0,13,,3
314,94,1.0,8,,4
314,296,1.0,8,,5
314,85,1.0,8,,6
314,152,1.0,13,,7
314,341,4.0,13,large,8
314,226,150.0,1,,9
314,136,1.0,8,,10
314,85,1.0,13,small bunch,11
314,403,0.0,16,,12
315,125,3.0,10,,1
315,560,1.0,10,,2
315,36,200.0,1,,3
315,454,1.0,13,,4
315,454,3.0,13,,5
315,560,1.0,10,,6
315,36,100.0,1,,7
315,300,2.0,8,,8
315,125,2.0,9,,9
315,632,2.0,10,,10
315,519,1.0,8,,11
315,560,2.0,10,,12
315,162,3.0,9,,13
315,519,0.25,8,,14
316,521,1.0,2,,1
316,330,1.0,2,,2
316,293,2.0,13,,3
316,260,1.0,11,,4
316,340,1.0,13,,5
316,152,1.0,13,,6
316,86,1.0,13,bunch,7
317,94,2.0,8,,1
317,353,1.0,9,,2
317,244,2.0,13,finely chopped,3
317,138,6.0,13,,4
317,152,3.0,13,finely chopped,5
317,245,1.0,13,finely chopped,6
317,208,1.0,8,,7
317,85,2.0,8,,8
317,179,1.0,13,kg,9
317,229,1.0,8,,10
317,85,3.0,9,,11
317,233,340.0,1,,12
317,260,0.5,8,,13
317,197,90.0,5,,14
317,422,150.0,1,,15
317,111,1.0,13,beaten,16
318,202,200.0,1,,1
318,9,250.0,1,,2
318,131,1.0,13,bunch,3
318,117,350.0,1,,4
318,115,3.0,9,,5
318,153,40.0,1,,6
318,295,200.0,1,,7
318,260,0.0,16,,8
318,229,0.0,16,,9
319,225,50.0,1,,1
319,65,15.0,1,,2
319,237,10.0,1,,3
319,209,5.0,9,,4
319,309,750.0,5,,5
319,286,0.5,9,,6
319,236,250.0,1,,7
319,244,2.0,13,,8
319,138,4.0,13,,9
319,411,30.0,1,,10
319,67,30.0,1,,11
319,493,1.0,13,,12
319,274,1.0,9,,13
319,505,4.0,13,,14
319,454,1.0,13,,15
320,30,1.0,13,large,1
320,210,1.0,6,,2
320,137,1.0,13,half,3
320,4,1.0,13,handfull,4
321,635,4.0,13,,1
321,454,2.0,13,beaten,2
321,31,200.0,1,,3
321,222,2.0,9,chopped,4
321,137,2.0,14,minced,5
321,260,0.0,16,,6
321,229,0.0,16,,7
322,36,225.0,1,,1
322,233,350.0,1,,2
322,45,100.0,1,,3
322,532,280.0,1,,4
322,454,1.0,13,small,5
322,323,1.0,13,topping,6
323,303,2.0,9,,1
323,360,500.0,1,,2
323,340,1.0,13,chopped,3
323,292,1.0,9,,4
323,233,1.0,9,,5
323,204,75.0,1,,6
323,21,250.0,13,ml,7
323,318,1.0,13,dash,8
323,390,400.0,1,,9
323,111,1.0,13,,10
324,36,150.0,1,,1
324,233,175.0,1,,2
324,45,125.0,1,,3
324,454,3.0,13,,4
324,11,1.0,8,,5
324,589,2.0,8,,6
324,197,3.0,9,,7
324,323,1.0,9,,8
325,605,450.0,1,,1
325,284,1.0,9,,2
325,340,1.0,13,small,3
325,594,2.0,8,,4
325,157,2.0,8,,5
325,360,250.0,1,,6
325,292,85.0,1,,7
325,21,150.0,13,ml,8
325,603,1.0,11,,9
325,406,200.0,1,,10
325,236,1.0,13,large,11
325,273,3.0,9,,12
325,604,2.0,9,,13
326,824,2.0,10,,1
326,10,0.5,4,,2
326,340,1.0,13,medium,3
326,795,0.5,10,,4
326,35,0.25,10,,5
326,610,2.0,9,,6
326,205,1.0,13,ground,7
326,260,0.0,16,,8
326,229,0.0,16,,9
327,18,1.0,13,,1
327,260,3.0,9,,2
327,24,3.0,9,,3
327,85,1.0,9,,4
327,282,1.0,9,,5
327,16,1.0,8,,6
327,77,1.0,8,,7
327,24,3.0,9,,8
327,85,1.0,9,,9
327,217,1.0,9,,10
327,137,1.0,9,,11
327,340,1.0,9,,12
327,103,1.0,9,,13
327,114,1.0,8,,14
327,49,1.0,9,,15
327,246,1.0,8,,16
328,42,6.0,13,chopped,1
328,340,1.0,13,sliced,2
328,138,4.0,13,,3
328,94,1.0,8,,4
328,85,0.5,8,,5
328,210,1.0,9,,6
328,136,0.25,8,,7
328,184,1.0,8,,8
329,3,500.0,1,,1
329,8,1.0,13,large,2
329,150,150.0,1,,3
329,454,1.0,13,beaten,4
329,219,3.0,9,,5
329,341,400.0,1,,6
329,292,4.0,9,,7
329,236,350.0,1,,8
330,567,800.0,1,,1
330,340,1.0,13,chopped,2
330,3,300.0,1,,3
330,260,1.0,8,,4
330,309,1.0,6,,5
330,138,1.0,13,,6
330,210,0.5,10,,7
331,204,30.0,1,,1
331,399,240.0,1,,2
331,50,3.0,13,,3
331,137,3.0,14,,4
331,369,3.0,13,sprigs,5
331,400,500.0,1,,6
331,274,2.0,9,,7
331,314,125.0,13,ml,8
331,180,350.0,1,,9
331,31,4.0,9,,10
331,257,0.5,12,,11
331,401,0.0,16,,12
332,204,150.0,1,,1
332,574,50.0,1,,2
332,303,4.0,9,,3
332,340,40.0,1,,4
332,137,2.0,14,,5
332,16,1.0,13,,6
332,305,1.0,13,tbsp,7
332,273,50.0,5,,8
332,512,1.0,13,dash,9
332,222,1.0,13,top,10
333,236,1.0,13,kg,1
333,197,200.0,13,ml,2
333,36,50.0,1,,3
333,205,2.0,9,,4
333,278,1.0,13,bunch,5
333,278,1.0,13,bunch,6
334,532,500.0,1,,1
334,137,1.5,9,minced,2
334,142,1.5,9,minced,3
334,454,1.0,13,,4
334,341,1.0,13,large,5
334,278,4.0,13,,6
334,525,12.0,13,,7
334,622,1.0,10,,8
334,260,1.0,8,,9
334,217,1.0,8,,10
334,94,1.0,8,,11
334,518,1.0,8,,12
334,296,1.0,8,,13
334,24,1.0,8,,14
334,282,1.0,8,,15
335,430,125.0,1,,1
335,45,50.0,1,,2
335,79,5.0,9,,3
335,454,1.0,13,beaten,4
335,102,200.0,1,shredded,5
335,471,100.0,1,,6
335,442,50.0,1,,7
335,36,100.0,1,,8
335,105,4.0,9,,9
335,470,3.0,9,,10
335,323,250.0,1,,11
335,388,150.0,1,,12
335,36,50.0,1,,13
336,871,2.0,9,,1
336,558,0.75,10,,2
336,855,1.0,13,head,3
336,224,2.0,9,,4
336,496,4.0,13,chopped,5
336,142,1.0,9,,6
336,274,1.0,9,,7
336,309,1.0,9,,8
336,89,2.0,8,,9
336,176,1.0,8,,10
336,229,0.5,8,,11
337,81,2.0,10,,1
337,309,2.0,10,,2
337,145,0.25,8,,3
337,142,1.0,13,,4
337,16,1.0,13,,5
337,249,2.0,10,,6
337,112,4.0,13,,7
337,93,1.0,13,,8
337,225,1.0,10,,9
337,523,4.0,3,,10
337,303,2.0,9,,11
337,340,1.0,13,,12
337,137,3.0,14,,13
337,267,3.0,13,,14
337,66,2.0,8,,15
337,523,4.0,3,,16
337,282,3.0,9,,17
337,286,0.33,10,,18
338,36,85.0,1,,1
338,273,140.0,1,,2
338,282,1.0,13,tbsp,3
338,322,900.0,1,,4
338,45,250.0,1,,5
338,233,3.0,9,,6
338,184,1.0,8,,7
338,112,3.0,13,large,8
338,273,250.0,13,ml,9
338,273,150.0,13,ml,10
338,45,1.0,9,,11
338,184,2.0,8,,12
339,507,0.5,10,,1
339,428,1.0,10,,2
339,300,1.0,8,,3
339,84,14.0,3,jar,4
339,35,2.0,9,,5
339,603,0.25,8,,6
339,518,0.12,8,,7
339,162,2.0,10,,8
339,260,1.0,11,,9
340,250,125.0,1,,1
340,348,200.0,1,,2
340,414,2.0,8,,3
340,278,4.0,13,sliced,4
340,85,1.0,12,,5
340,736,150.0,1,,6
340,321,0.0,16,,7
340,274,3.0,9,,8
340,597,1.0,9,,9
340,184,1.0,9,,10
340,688,1.0,9,,11
340,137,1.0,14,finely chopped,12
340,142,1.0,13,knob,13
341,91,150.0,13,ml,1
341,164,2.0,9,,2
341,184,1.0,8,,3
341,260,1.0,11,,4
341,229,1.0,11,,5
341,303,1.0,13,dash,6
341,267,2.0,13,,7
341,260,1.0,11,,8
341,615,8.0,13,,9
341,7,8.0,13,,10
341,613,4.0,13,slices,11
341,36,1.0,9,,12
341,614,100.0,1,,13
341,103,1.0,13,sprinking,14
341,260,1.0,11,,15
341,24,1.0,11,,16
342,454,3.0,13,large,1
342,282,0.75,10,,2
342,36,0.67,10,,3
342,41,1.0,8,,4
342,208,1.0,11,,5
342,260,0.5,8,,6
342,125,1.0,10,,7
342,309,1.0,13,splash,8
343,236,3.0,4,,1
343,260,1.0,8,,2
343,282,1.0,8,,3
343,622,0.25,10,,4
343,162,0.25,10,,5
343,623,1.0,10,,6
343,125,0.5,10,,7
343,36,14.0,9,,8
343,148,0.75,10,,9
343,162,1.0,9,,10
344,242,1.0,13,large,1
344,142,0.5,13,,2
344,137,1.0,13,large,3
344,85,1.0,13,bunch,4
344,284,1.0,9,,5
344,58,4.0,13,,6
344,223,5.0,9,,7
344,60,150.0,13,ml,8
344,150,200.0,1,,9
345,454,1.0,13,medium,1
345,197,80.0,5,,2
345,282,1.0,9,,3
345,11,1.0,8,,4
345,260,1.0,11,,5
345,300,1.0,13,dash,6
345,811,150.0,1,,7
345,36,150.0,1,,8
345,812,1.0,9,,9
345,281,3.0,13,,10
346,301,4.0,13,meaty shanks,1
346,125,0.5,10,,2
346,210,2.0,9,,3
346,36,3.0,9,,4
346,340,1.0,13,medium chopped into -inch pieces,5
346,42,1.0,13,chopped into -inch pieces,6
346,48,1.0,13,chopped into -inch pieces,7
346,366,1.0,13,bulb chopped into -inch pieces,8
346,137,3.0,14,,9
346,214,2.0,13,strips,10
346,193,1.0,8,,11
346,16,1.0,13,,12
346,107,1.0,10,,13
346,60,0.5,10,,14
346,293,1.0,10,chopped with juice,15
346,222,2.0,9,chopped,16
346,137,1.0,8,minced,17
346,185,1.0,8,grated,18
347,487,450.0,1,,1
347,340,1.0,13,chopped,2
347,278,1.0,13,,3
347,137,2.0,14,minced,4
347,142,1.0,8,,5
347,486,1.0,13,chopped,6
347,274,2.0,9,,7
347,132,1.0,13,chopped,8
347,303,2.0,9,,9
347,309,350.0,13,ml,10
347,488,200.0,1,,11
347,330,1.0,9,,12
347,309,2.0,9,,13
348,251,6.0,1,oz,1
348,99,2.0,9,,2
348,216,2.0,9,,3
348,274,2.0,8,,4
348,313,2.0,8,,5
348,282,2.0,8,,6
348,309,2.0,9,,7
348,224,2.0,9,,8
348,137,2.0,14,,9
348,1,1.0,10,,10
348,454,1.0,13,,11
348,67,4.0,10,,12
349,250,125.0,1,,1
349,188,3.0,13,juice of,2
349,46,0.5,8,,3
349,203,2.0,8,,4
349,122,2.0,9,,5
349,303,2.0,9,,6
349,469,200.0,1,,7
349,278,4.0,13,finely sliced,8
349,504,140.0,1,,9
349,225,25.0,1,,10
349,85,1.0,12,,11
349,188,2.0,13,,12
349,602,0.0,16,,13
350,210,1.0,9,,1
350,648,500.0,1,,2
351,210,3.0,9,,1
351,649,10.0,13,,2
351,222,1.0,13,bunch,3
351,650,100.0,5,,4
351,331,500.0,1,,5
351,256,1.0,11,,6
351,72,150.0,1,,7
351,340,1.0,13,chopped,8
351,137,3.0,14,,9
351,336,1.0,13,medium,10
351,341,2.0,13,,11
351,485,250.0,1,,12
351,488,100.0,1,,13
351,185,1.0,13,,14
352,646,450.0,1,,1
352,137,4.0,14,,2
352,17,2.0,13,,3
352,290,1.0,8,,4
352,210,6.0,9,,5
352,30,100.0,1,,6
352,72,100.0,1,,7
352,340,1.0,13,,8
352,217,3.0,8,,9
352,60,1.0,6,,10
352,222,1.0,12,,11
352,651,6.0,13,,12
353,81,400.0,13,ml,1
353,671,1.0,13,tbsp,2
353,57,200.0,1,,3
353,151,100.0,1,,4
353,122,2.0,9,,5
353,35,1.0,13,tbsp,6
353,672,2.0,13,,7
353,14,1.0,12,,8
353,171,1.0,13,boiled,9
353,242,6.0,13,,10
353,673,4.0,13,,11
353,674,1.0,8,,12
353,137,4.0,14,chopped,13
353,675,1.0,9,,14
353,676,1.0,9,,15
353,188,2.0,13,zest of,16
353,678,1.0,8,,17
353,677,1.0,8,,18
353,157,1.0,8,,19
353,225,2.0,9,,20
354,125,100.0,1,,1
354,112,2.0,13,large,2
354,197,300.0,13,ml,3
354,284,1.0,9,,4
354,282,0.0,16,,5
354,379,0.0,16,,6
354,380,0.0,16,,7
355,36,200.0,1,,1
355,454,1.0,13,large,2
355,197,4.0,9,,3
355,146,200.0,1,,4
355,25,85.0,1,,5
355,35,85.0,1,,6
355,452,100.0,1,,7
355,264,250.0,1,,8
355,158,1.0,9,,9
356,817,1.0,9,,1
356,818,1.0,13,,2
356,282,1.0,10,,3
356,84,1.0,15,,4
356,110,6.0,13,,5
356,200,1.0,13,sprig,6
357,125,1.0,10,,1
357,260,0.25,8,,2
357,454,1.0,13,yolk,3
357,454,1.0,13,,4
357,36,5.0,9,,5
357,36,6.0,9,,6
357,340,0.33,10,,7
357,418,0.5,10,,8
357,18,0.5,4,,9
357,112,2.0,13,beaten,10
357,260,1.0,8,,11
357,229,0.25,8,,12
358,210,3.0,9,,1
358,340,1.0,13,small finely diced,2
358,137,2.0,14,chopped,3
358,398,225.0,1,,4
358,292,1.0,9,,5
358,217,2.0,8,,6
358,66,1.0,11,,7
358,282,1.0,11,,8
358,222,1.0,13,chopped,9
358,236,900.0,1,,10
358,210,2.0,9,,11
359,236,4.0,10,,1
359,36,60.0,13,ml,2
359,197,0.5,10,,3
359,360,450.0,1,,4
359,340,1.0,13,finely chopped,5
359,474,500.0,13,ml,6
359,217,0.0,16,,7
359,222,0.0,16,,8
359,260,1.0,13,dash,9
359,229,1.0,13,dash,10
360,330,1.0,8,,1
360,213,2.0,13,juice of,2
360,213,1.0,13,zest of,3
360,45,2.0,9,,4
360,394,6.0,13,,5
360,380,250.0,1,,6
360,264,200.0,1,,7
360,36,50.0,1,,8
360,203,100.0,1,,9
360,75,1.0,8,,10
360,197,6.0,9,,11
361,36,50.0,1,,1
361,391,175.0,1,,2
361,392,5.0,13,,3
361,375,500.0,1,,4
361,223,175.0,1,,5
361,146,175.0,1,,6
361,197,150.0,13,ml,7
361,105,275.0,13,ml,8
361,384,2.0,9,,9
361,393,1.0,13,crushed,10
362,223,1.0,10,,1
362,282,0.5,10,,2
362,454,1.0,13,,3
363,466,8.0,13,,1
363,45,100.0,1,,2
363,36,100.0,1,,3
363,468,2.0,13,,4
363,41,3.0,13,pods,5
363,75,1.0,13,large,6
363,29,2.0,9,,7
363,238,500.0,1,,8
364,462,140.0,1,,1
364,597,300.0,1,,2
364,35,100.0,1,,3
364,264,375.0,1,,4
364,158,3.0,8,,5
364,603,1.0,8,,6
364,707,0.5,8,,7
364,678,0.25,8,,8
364,229,0.25,8,,9
364,454,3.0,13,large,10
364,770,200.0,1,,11
364,105,225.0,13,ml,12
364,388,140.0,1,,13
364,597,3.0,9,,14
365,36,2.0,9,,1
365,69,0.33,10,,2
365,563,1.0,10,,3
365,36,3.0,9,,4
365,69,0.5,10,,5
365,236,2.0,10,,6
365,112,3.0,13,,7
365,273,1.0,13,pot,8
365,125,3.0,10,,9
365,260,0.25,8,,10
365,11,1.0,9,,11
366,276,300.0,1,,1
366,210,1.0,9,,2
366,340,1.0,13,finely chopped,3
366,137,2.0,14,minced,4
366,242,1.0,13,,5
366,292,1.0,9,,6
366,338,425.0,1,,7
366,339,70.0,1,,8
366,219,1.0,13,shaved,9
367,1,1.5,13,kg,1
367,242,3.0,13,chopped,2
367,137,2.0,14,,3
367,142,1.0,8,,4
367,106,1.0,8,,5
367,85,1.0,8,,6
367,217,1.0,8,,7
367,367,2.0,9,,8
367,209,2.0,9,,9
367,244,1.0,13,sliced,10
367,42,2.0,13,,11
367,571,1.0,13,,12
367,411,4.0,13,leaves,13
367,544,2.0,9,,14
367,150,2.0,9,,15
367,367,2.0,9,,16
367,95,1.0,8,,17
369,467,6.0,9,,1
369,712,1.0,10,,2
369,84,3.0,9,,3
369,197,5.0,9,,4
369,713,25.0,13,,5
369,197,0.5,10,,6
369,11,0.5,8,,7
369,308,0.5,8,,8
369,260,1.0,11,,9
369,714,150.0,1,,10
369,141,1.0,9,,11
369,388,120.0,13,ml,12
369,715,4.0,9,,13
368,36,250.0,1,,1
368,755,200.0,1,,2
368,233,80.0,1,,3
368,11,1.0,8,,4
368,45,225.0,1,,5
368,454,4.0,13,,6
368,300,1.0,8,,7
368,323,100.0,1,,8
368,373,250.0,1,,9
368,105,200.0,13,ml,10
368,771,100.0,1,,11
368,379,400.0,1,,12
368,772,1.0,13,,13
370,210,2.0,9,,1
370,340,2.0,13,,2
370,138,4.0,13,chopped,3
370,656,5.0,13,,4
370,215,1.0,8,,5
370,290,1.0,13,sprigs of fresh,6
370,17,4.0,13,leaves,7
370,397,2.0,13,chopped,8
370,8,1.0,13,chopped,9
370,341,4.0,13,large,10
370,454,4.0,13,large,11
370,222,1.0,12,,12
371,309,150.0,13,ml,1
371,282,1.0,8,,2
371,446,15.0,1,,3
371,233,225.0,1,,4
371,260,1.0,8,,5
371,210,1.0,13,drizzle,6
371,352,80.0,1,,7
371,374,70.0,1,,8
371,215,1.0,13,peeled and sliced,9
371,13,1.0,13,leaves,10
371,24,1.0,11,,11
372,233,150.0,1,,1
372,78,50.0,1,,2
372,454,8.0,13,,3
372,45,200.0,1,,4
372,110,5.0,13,,5
372,45,200.0,1,,6
372,381,250.0,1,,7
372,233,1.0,9,,8
372,235,1.0,9,,9
372,105,100.0,1,,10
372,68,100.0,1,,11
373,446,10.0,1,,1
373,45,1.0,8,,2
373,125,1.0,9,,3
373,197,125.0,13,ml,4
373,111,7.0,13,,5
373,282,15.0,1,,6
373,45,10.0,1,,7
373,300,1.0,8,,8
373,125,500.0,1,,9
373,105,200.0,13,ml,10
373,36,15.0,1,,11
373,566,125.0,13,ml,12
373,156,10.0,1,,13
373,209,1.0,13,for frying,14
373,323,75.0,1,,15
373,183,0.5,13,juice of,16
373,777,1.0,13,dash,17
373,442,50.0,1,,18
374,534,1.0,13,,1
374,197,120.0,13,ml,2
374,340,1.0,13,chopped,3
374,303,100.0,5,,4
374,483,500.0,1,,5
374,454,1.0,13,,6
374,138,1.0,13,,7
374,193,1.0,11,,8
374,31,75.0,1,,9
375,256,1.0,11,,1
375,115,4.0,9,,2
375,138,6.0,13,,3
375,442,35.0,1,,4
375,657,30.0,1,,5
375,222,2.0,9,chopped,6
375,61,8.0,13,,7
375,340,1.0,13,chopped,8
375,42,1.0,13,chopped,9
375,48,1.0,13,chopped,10
375,650,250.0,13,ml,11
375,60,350.0,13,ml,12
375,76,1.0,13,,13
375,77,1.0,11,,14
375,17,2.0,13,,15
375,454,2.0,13,,16
375,442,2.0,9,,17
376,125,1.0,10,,1
376,112,2.0,13,,2
376,197,1.0,10,,3
376,309,0.75,10,,4
376,260,1.0,11,,5
376,282,1.0,8,,6
376,36,3.0,9,,7
377,210,60.0,5,,1
377,184,2.0,9,,2
377,163,1.0,9,,3
377,290,2.0,13,sprigs,4
377,775,100.0,1,,5
377,55,250.0,1,,6
377,278,3.0,13,chopped,7
377,242,1.0,13,chopped,8
377,776,1.0,13,,9
377,121,50.0,1,,10
378,422,3.0,9,,1
378,340,4.0,13,chopped,2
378,95,1.0,9,,3
378,783,800.0,1,,4
378,137,4.0,14,crushed,5
378,233,2.0,9,,6
378,217,2.0,9,,7
378,21,1.0,6,,8
378,17,4.0,13,,9
378,782,400.0,1,,10
378,631,200.0,13,ml,11
378,273,4.0,9,,12
379,364,4.0,9,,1
379,4,350.0,1,,2
379,340,1.0,13,large,3
379,137,10.0,13,,4
379,42,1.0,13,thinly sliced,5
379,119,1.0,8,,6
379,367,2.0,9,,7
379,304,600.0,13,ml,8
379,292,1.0,9,,9
379,369,2.0,13,sticks,10
379,222,1.0,12,,11
379,368,400.0,1,,12
379,31,2.0,9,,13
379,209,1.0,13,drizzle,14
379,30,0.0,16,,15
379,32,0.0,16,,16
380,787,1.0,13,kg,1
380,17,2.0,13,,2
380,646,1.0,9,,3
380,42,1.0,13,large,4
380,340,1.0,13,sliced,5
380,138,3.0,13,sliced thinly,6
380,245,1.0,13,chopped,7
380,242,2.0,13,chopped,8
380,571,2.0,13,,9
380,236,3.0,13,chopped,10
380,292,3.0,9,,11
380,626,0.5,13,,12
380,222,1.0,12,,13
380,103,1.0,12,,14
380,273,300.0,1,,15
381,4,2.0,13,,1
381,314,200.0,13,ml,2
381,217,0.5,8,,3
381,183,2.0,13,,4
381,184,0.5,13,,5
381,210,1.0,13,dash,6
381,544,0.0,16,,7
381,236,1.0,2,,8
381,303,1.0,13,for frying,9
382,233,2.0,9,,1
382,323,2.0,9,,2
382,238,375.0,1,,3
382,45,250.0,1,,4
382,185,2.0,13,strips,5
382,75,1.0,13,stick,6
382,112,2.0,13,,7
382,111,4.0,13,,8
382,330,50.0,1,,9
382,315,500.0,13,ml,10
382,299,1.0,13,pod of,11
382,75,0.0,16,,12
383,212,2.0,13,finely chopped,1
383,245,1.0,13,diced,2
383,85,1.0,13,small bunch,3
383,242,1.0,13,small,4
383,137,3.0,14,,5
383,107,400.0,13,ml,6
383,256,1.0,11,,7
383,16,1.0,13,,8
383,236,300.0,1,,9
383,234,400.0,1,,10
383,479,600.0,1,,11
383,336,300.0,1,,12
383,469,8.0,13,,13
383,351,500.0,1,,14
383,331,500.0,1,,15
383,415,1.0,13,sliced,16
384,137,1.0,14,,1
384,19,2.0,13,small,2
384,210,2.0,9,,3
384,308,1.0,9,,4
384,222,1.0,13,leaves,5
384,573,2.0,13,,6
384,254,2.0,13,handfulls,7
384,14,1.0,13,small bunch,8
384,222,1.0,13,small bunch,9
384,170,1.0,13,,10
384,308,1.0,9,,11
384,278,2.0,13,chopped,12
384,137,0.5,13,,13
384,45,0.5,8,,14
385,454,5.0,13,,1
385,282,100.0,1,,2
385,260,1.0,11,,3
385,623,75.0,1,,4
385,89,30.0,1,,5
385,110,1.0,13,,6
385,282,50.0,1,,7
385,637,200.0,1,,8
385,162,400.0,1,,9
385,300,1.0,8,,10
385,282,40.0,1,,11
385,394,500.0,1,,12
385,799,50.0,5,,13
385,89,1.0,8,,14
386,236,800.0,1,,1
386,212,3.0,13,,2
386,210,2.0,9,,3
386,60,100.0,13,ml,4
386,91,1.0,13,pot,5
386,219,1.0,13,topping,6
386,58,4.0,13,,7
386,10,4.0,13,,8
386,277,1.0,13,topping,9
386,226,1.0,13,topping,10
387,236,4.0,13,,1
387,42,3.0,13,,2
387,260,1.0,9,,3
387,512,0.5,9,,4
387,112,4.0,13,,5
387,262,7.0,3,,6
387,103,4.0,3,,7
387,226,1.0,15,,8
387,212,4.0,13,,9
387,544,1.0,10,,10
388,36,0.5,10,,1
388,282,1.0,10,,2
388,112,2.0,13,,3
388,300,1.0,8,,4
388,125,2.0,10,,5
388,11,1.0,8,,6
388,197,1.0,10,,7
388,383,1.0,10,,8
388,35,1.0,10,,9
388,457,1.0,10,,10
388,36,0.33,10,,11
389,309,1.0,10,,1
389,340,1.0,13,chopped,2
389,210,5.0,9,,3
389,12,2.0,9,,4
389,476,1.0,9,,5
389,137,3.0,14,crushed,6
389,24,1.0,8,,7
389,46,1.0,8,,8
389,260,0.0,16,,9
389,1,1.0,13,,10
390,303,1.0,13,dash,1
390,20,1.0,15,,2
390,236,5.0,13,thin cut,3
390,54,2.0,10,,4
391,469,450.0,1,,1
391,210,4.0,9,,2
391,340,1.0,13,large,3
391,366,1.0,13,large,4
391,42,2.0,13,chopped,5
391,107,150.0,13,ml,6
391,29,1.0,9,,7
391,71,400.0,1,,8
391,337,1.0,13,l,9
391,217,2.0,11,,10
391,105,150.0,13,ml,11
391,237,8.0,13,,12
392,250,200.0,1,,1
392,237,200.0,1,,2
392,244,1.0,13,sliced,3
392,242,1.0,13,sliced,4
392,93,1.0,13,sliced,5
392,85,1.0,12,,6
392,200,1.0,12,,7
392,735,2.0,9,,8
392,188,3.0,13,juice of,9
392,35,1.0,9,,10
392,122,2.0,8,,11
392,137,1.0,14,peeled crushed,12
392,267,5.0,13,slices,13
392,303,1.0,13,for frying,14
392,125,1.0,13,sprinkling,15
393,649,200.0,1,,1
393,152,1.0,13,chopped,2
393,137,3.0,14,crushed,3
393,85,1.0,13,bunch,4
393,45,1.0,9,,5
393,188,1.0,13,juice of,6
393,122,3.0,9,,7
393,688,2.0,9,,8
393,142,3.0,13,cm piece,9
393,278,8.0,13,slices,10
393,245,1.0,13,sliced,11
393,492,85.0,1,,12
393,504,100.0,1,,13
393,274,1.0,9,,14
393,250,0.0,16,,15
393,188,0.0,16,,16
394,245,1.0,13,,1
394,138,3.0,13,large,2
394,242,1.0,13,large,3
394,341,1.0,13,large,4
394,665,10.0,13,,5
394,442,10.0,13,,6
394,222,3.0,13,sprigs,7
394,30,1.0,13,sliced,8
394,210,120.0,13,ml,9
394,367,2.0,9,,10
394,469,400.0,1,,11
395,112,10.0,13,,1
395,210,1.0,9,,2
395,397,2.0,13,finely chopped,3
395,278,3.0,13,finely chopped,4
395,245,4.0,13,,5
395,138,1.0,14,peeled crushed,6
395,242,1.0,13,,7
395,322,300.0,1,,8
395,197,6.0,9,,9
395,465,4.0,9,,10
395,13,2.0,9,,11
395,254,0.0,16,,12
395,219,0.0,16,,13
396,389,750.0,1,,1
396,390,350.0,1,,2
396,233,1.0,13,dusting,3
396,45,140.0,1,,4
396,260,0.5,8,,5
396,208,0.5,8,,6
396,75,1.0,8,,7
396,112,2.0,13,beaten,8
396,36,25.0,1,,9
396,197,175.0,1,,10
396,323,1.0,9,,11
397,330,50.0,1,,1
397,233,100.0,1,,2
397,266,1.0,9,,3
397,303,1.0,13,for frying,4
397,722,250.0,13,ml,5
397,723,200.0,1,,6
397,122,2.0,9,,7
397,188,2.0,13,juice of,8
397,680,1.0,13,chopped,9
397,282,2.0,9,,10
398,352,250.0,1,,1
398,245,1.0,13,chopped,2
398,242,1.0,13,chopped,3
398,137,1.0,14,peeled crushed,4
398,652,1.0,8,,5
398,188,0.5,13,juice of,6
399,336,400.0,1,,1
399,209,3.0,9,,2
399,601,0.5,8,,3
399,414,1.0,13,dash,4
399,85,1.0,13,sprigs of fresh,5
399,602,1.0,13,drizzle,6
400,505,1.0,15,,1
400,309,2.0,10,,2
400,454,1.0,13,large,3
400,274,1.0,9,,4
400,687,0.5,8,,5
400,278,1.0,9,,6
400,260,0.5,8,,7
400,229,0.5,9,,8
401,36,2.0,9,,1
401,212,2.0,13,chopped,2
401,60,4.0,13,qt,3
401,57,1.5,13,kg,4
401,236,4.0,13,kg,5
401,260,2.0,9,,6
401,24,1.0,13,tbsp,7
402,392,2.0,13,,1
402,379,350.0,1,,2
402,45,60.0,1,,3
402,183,1.0,13,juice of,4
402,631,500.0,13,ml,5
403,630,1.0,13,,1
403,262,1.0,13,,2
403,236,1.0,4,,3
403,628,2.0,4,,4
403,125,1.0,10,,5
403,623,2.0,9,,6
403,260,1.0,8,,7
403,629,4.0,13,,8
403,133,1.0,11,,9
403,418,1.0,13,,10
403,42,2.0,13,,11
403,90,0.25,10,,12
403,36,1.0,9,,13
403,208,1.0,8,,14
404,8,2.0,13,large,1
404,397,4.0,13,,2
404,395,2.0,13,,3
404,341,4.0,13,large,4
404,210,5.0,9,,5
404,13,1.0,13,bunch,6
404,340,1.0,13,medium,7
404,138,3.0,13,finely chopped,8
404,367,1.0,8,,9
404,282,1.0,8,,10
405,191,4.0,13,,1
405,242,18.0,13,dried,2
405,142,1.0,13,inch,3
405,137,8.0,14,,4
405,229,1.5,8,,5
405,94,1.0,8,,6
405,296,0.5,8,,7
405,76,1.0,13,,8
405,77,4.0,13,,9
405,41,2.0,13,,10
405,282,1.0,9,,11
405,285,2.0,13,marble sized,12
405,308,2.5,9,,13
405,209,1.0,13,for frying,14
408,406,2.0,10,,1
408,42,1.0,13,large,2
408,278,2.0,13,chopped,3
408,290,4.0,13,sprigs,4
408,340,1.0,13,diced,5
408,24,0.5,8,,6
408,245,2.0,13,chopped,7
408,138,4.0,13,mashed,8
408,518,1.0,9,,9
408,3,2.0,4,,10
408,309,2.0,13,l,11
408,236,4.0,13,,12
408,233,1.0,10,,13
408,309,0.25,10,,14
408,81,1.0,10,,15
406,58,2.0,13,,1
406,289,2.0,9,,2
406,81,2.0,9,,3
406,245,1.0,13,chopped,4
406,397,1.0,13,chopped,5
406,244,1.0,13,cut thin wedges,6
406,188,0.0,16,,7
407,244,3.0,13,large,1
407,263,2.0,8,,2
407,610,200.0,13,ml,3
407,148,50.0,1,,4
407,24,1.0,8,,5
407,17,4.0,13,,6
409,210,5.0,9,,1
409,340,1.0,13,chopped,2
409,42,1.0,13,chopped,3
409,48,1.0,13,stalk chopped,4
409,137,1.0,9,minced,5
409,40,2.0,10,,6
409,39,1.0,13,,7
409,309,4.0,10,,8
409,369,1.0,13,fresh sprig,9
409,290,1.0,13,fresh sprig,10
409,173,1.0,4,chopped,11
409,317,4.0,13,thick slices,12
409,244,1.0,13,thinly sliced,13
409,219,0.5,10,freshly grated,14
410,626,0.25,13,,1
410,42,1.0,13,,2
410,412,100.0,1,,3
410,537,400.0,1,,4
410,137,2.0,14,minced,5
410,142,20.0,1,,6
410,274,2.0,8,,7
410,414,2.0,8,,8
410,278,3.0,13,sliced thinly,9
410,717,20.0,13,,10
410,303,75.0,5,,11
410,274,2.0,9,,12
410,491,2.0,9,,13
410,266,0.5,9,,14
410,278,2.0,13,sliced,15
411,210,2.0,9,,1
411,168,6.0,13,cut into cm-thick slices,2
411,340,1.0,13,large peeled and chopped,3
411,118,0.0,17,trimmed and roughly chopped; reserve any fronds,4
411,272,0.5,8,,5
411,137,1.0,14,", peeled and sliced",6
411,119,2.0,8,lightly toasted and then gently crushed,7
411,247,100.0,13,ml,8
411,71,400.0,1,tinned,9
411,45,0.5,8,,10
411,231,50.0,1,cut in half lengthways,11
411,253,500.0,1,,12
411,227,30.0,1,roughly crumbled into cm pieces,13
411,523,1.0,13,rinsed and patted dry,14
411,137,1.0,14,", peeled and crushed",15
411,210,60.0,13,ml,16
411,14,50.0,1,torn,17
412,8,2.0,13,sliced,1
412,115,3.0,9,,2
412,55,12.0,13,,3
412,547,1.0,13,,4
412,12,3.0,9,,5
412,200,1.0,12,,6
412,267,1.0,13,chopped,7
412,267,1.0,13,sliced,8
412,242,1.0,13,chopped,9
412,460,50.0,1,,10
412,254,1.0,12,,11
413,484,6.0,13,small,1
413,366,4.0,13,small,2
413,245,1.0,13,thinly sliced,3
413,397,1.0,13,medium,4
413,340,1.0,13,finely chopped,5
413,485,300.0,1,,6
413,217,1.0,8,,7
413,256,1.0,11,,8
413,314,200.0,13,ml,9
413,304,700.0,13,ml,10
413,472,100.0,1,,11
413,183,1.0,13,chopped,12
413,222,1.0,12,,13
413,260,1.0,11,,14
413,24,1.0,11,,15
415,210,2.0,9,,1
415,42,2.0,13,small cut into chunks,2
415,48,2.0,13,small stalks,3
415,340,1.0,13,medium finely diced,4
415,137,6.0,14,medium sliced,5
415,33,12.0,3,g),6
415,17,2.0,13,,7
415,309,4.0,10,,8
415,260,1.0,11,,9
415,6,2.0,8,ml),10
415,229,1.0,11,,11
415,108,2.0,13,large,12
415,369,4.0,13,sprigs,13
415,230,0.25,10,,14
415,222,2.0,9,,15
414,61,8.0,13,,1
414,94,1.0,8,,2
414,217,0.5,8,,3
414,210,2.0,9,,4
414,547,6.0,13,,5
414,60,150.0,13,ml,6
414,381,175.0,1,,7
414,340,1.0,13,chopped,8
414,137,2.0,14,chopped,9
414,457,50.0,5,,10
414,183,1.0,13,juice of,11
414,85,1.0,12,,12
416,264,225.0,1,,1
416,45,75.0,1,,2
416,11,1.0,8,,3
416,36,125.0,1,,4
416,448,150.0,1,,5
416,112,1.0,13,,6
416,197,1.0,9,,7
416,300,2.0,8,,8
417,199,2.0,10,,1
417,68,3.0,10,,2
417,223,0.5,10,,3
417,300,1.0,8,,4
417,225,1.0,10,,5
418,36,1.0,10,,1
418,111,3.0,13,,2
418,322,8.0,3,,3
418,11,1.0,8,,4
418,125,3.0,10,,5
418,566,1.0,15,,6
420,737,0.5,13,,1
420,210,1.0,9,,2
420,36,1.0,13,knob,3
420,244,1.0,13,sliced,4
420,367,125.0,13,ml,5
420,35,140.0,1,,6
420,242,1.0,13,chopped,7
420,369,2.0,13,sprigs,8
420,28,1.0,13,chopped,9
420,791,8.0,13,,10
421,59,4.0,13,chopped,1
421,212,2.0,13,large,2
421,42,5.0,13,chopped,3
421,182,1.0,13,chopped,4
421,48,1.0,13,small,5
421,411,0.25,13,,6
421,77,1.0,13,whole,7
421,518,1.0,13,tsp,8
421,16,2.0,13,,9
421,222,4.0,13,sprigs,10
421,103,4.0,13,sprigs,11
421,229,1.0,8,,12
421,260,1.0,9,,13
422,360,0.25,4,,1
422,340,1.0,13,,2
422,112,3.0,13,,3
422,65,1.0,9,,4
422,415,0.5,13,,5
422,260,0.0,16,,6
422,229,0.0,16,,7
422,544,1.0,13,top,8
423,788,200.0,1,,1
423,644,200.0,1,,2
423,446,10.0,1,,3
423,260,0.5,8,,4
423,163,1.0,9,,5
423,564,1.0,8,,6
419,616,2.0,10,,1
419,125,0.75,10,,2
419,197,2.0,10,,3
419,260,1.0,8,,4
419,282,1.0,13,sprinkling,5
419,75,1.0,13,sprinkling,6
419,36,0.0,16,,7
424,2,400.0,1,,1
424,5,3.0,13,,2
424,93,1.0,13,,3
424,277,400.0,1,,4
424,200,4.0,9,,5
424,188,1.0,13,zest and juice of,6
424,163,2.0,8,,7
424,210,3.0,9,,8
425,112,4.0,13,,1
425,512,2.0,9,,2
425,510,2.0,13,,3
425,36,0.0,16,,4
425,513,8.0,13,slices,5
425,184,2.0,8,,6
425,512,2.0,8,,7
425,454,3.0,13,yolkes,8
425,462,125.0,1,,9
428,36,50.0,1,oz,1
428,340,1.0,13,finely chopped,2
428,249,150.0,1,,3
428,314,125.0,13,ml,4
428,304,1.0,6,hot,5
428,183,1.0,13,the juice and zest of one,6
428,175,240.0,1,large,7
428,2,150.0,1,,8
428,7,100.0,1,tips blanched briefly in boiling water,9
428,24,1.0,13,ground,10
428,219,50.0,1,shavings,11
426,60,1.0,6,,1
426,289,2.0,8,,2
426,250,100.0,1,,3
426,412,150.0,1,,4
426,363,125.0,1,,5
426,2,2.0,13,,6
426,188,2.0,13,juice of,7
426,274,1.0,9,,8
426,35,1.0,11,,9
426,85,1.0,13,bunch,10
427,250,100.0,1,,1
427,278,3.0,13,sliced thinly,2
427,740,50.0,1,,3
427,65,85.0,1,,4
427,85,85.0,1,,5
427,188,85.0,1,,6
427,2,300.0,1,,7
429,330,85.0,1,,1
429,233,85.0,1,,2
429,24,2.0,8,,3
429,727,2.0,8,,4
429,284,1.0,13,for frying,5
429,336,400.0,1,,6
429,278,1.0,13,sliced,7
429,152,1.0,13,sliced,8
429,242,1.0,13,chopped,9
429,93,0.5,13,,10
429,244,1.0,13,chopped,11
429,491,100.0,5,,12
429,45,1.0,9,,13
429,122,2.0,8,,14
430,210,4.0,9,,1
430,340,1.0,13,large chopped,2
430,598,300.0,1,,3
430,137,2.0,14,chopped,4
430,454,8.0,13,,5
430,222,2.0,9,,6
430,480,300.0,1,,7
431,102,250.0,1,,1
431,321,75.0,1,,2
431,36,135.0,1,,3
431,322,450.0,1,,4
431,300,1.0,13,tsp,5
431,323,100.0,1,,6
431,325,150.0,1,,7
431,263,1.0,13,tsp,8
431,105,300.0,13,ml,9
431,326,1.0,13,drizzle,10
431,324,1.0,13,top,11
431,321,1.0,13,top,12
432,480,450.0,1,,1
432,481,400.0,1,,2
432,340,1.0,13,chopped,3
432,217,1.0,8,,4
432,96,2.0,8,,5
432,172,2.0,8,,6
432,166,1.0,8,,7
432,245,1.0,13,sliced,8
432,395,1.0,13,sliced,9
432,293,200.0,1,,10
432,260,0.0,16,,11
432,229,0.0,16,,12
432,264,250.0,1,,13
432,417,30.0,1,,14
432,260,1.0,11,,15
432,210,1.0,13,for frying,16
433,623,6.0,10,,1
433,260,2.0,8,,2
433,462,1.0,10,,3
433,825,1.0,10,,4
433,454,1.0,13,large,5
433,308,1.0,9,,6
433,309,1.0,13,splash,7
433,826,5.0,10,,8
433,282,0.5,10,,9
433,282,1.0,9,,10
433,89,3.0,9,,11
433,462,2.0,9,,12
433,454,1.0,13,beaten,13
433,309,1.0,9,,14
434,284,1.0,9,,1
434,267,2.0,13,,2
434,563,150.0,1,,3
434,774,150.0,1,,4
434,454,1.0,13,large,5
434,303,0.5,9,,6
434,233,350.0,1,,7
434,303,1.0,13,for frying,8
434,267,2.0,13,,9
434,233,1.0,13,dusting,10
434,36,45.0,1,,11
434,273,60.0,5,,12
435,284,1.0,9,,1
435,267,2.0,13,chopped,2
435,563,150.0,1,,3
435,774,150.0,1,,4
435,454,1.0,13,beaten,5
435,303,0.5,9,,6
435,233,350.0,1,,7
435,303,1.0,13,for frying,8
435,267,2.0,13,sliced,9
435,233,1.0,13,dusting,10
435,36,45.0,1,,11
435,273,60.0,5,,12
436,739,6.0,13,,1
436,284,3.0,9,,2
436,142,1.0,13,knob,3
436,138,3.0,13,sliced thinly,4
436,242,3.0,13,large,5
436,278,1.0,13,bunch,6
436,274,1.0,9,,7
437,331,400.0,1,,1
437,237,8.0,13,,2
437,256,2.0,11,,3
437,334,350.0,1,,4
437,210,5.0,9,,5
437,212,1.0,13,large,6
437,137,3.0,14,,7
437,217,2.0,9,,8
437,333,1.0,13,tail,9
437,335,4.0,13,,10
437,337,650.0,13,ml,11
437,293,2.0,13,large,12
437,183,1.0,13,juice of,13
437,222,1.0,13,topping,14
438,210,1.0,9,,1
438,182,1.0,13,sliced,2
438,72,110.0,1,,3
438,296,1.0,8,,4
438,249,300.0,1,,5
438,337,1.0,6,,6
438,226,200.0,1,,7
438,660,400.0,1,,8
439,249,400.0,1,,1
439,81,150.0,13,ml,2
439,309,100.0,13,ml,3
439,260,1.0,8,,4
439,330,5.0,9,,5
439,125,3.0,9,,6
439,112,3.0,13,,7
439,80,200.0,13,ml,8
439,282,140.0,1,,9
440,93,2.0,13,medium,1
440,260,0.5,8,,2
440,414,2.0,8,,3
440,491,2.0,9,,4
440,14,6.0,13,,5
440,241,0.5,8,,6
440,266,2.0,8,,7
441,341,250.0,1,,1
441,115,40.0,5,,2
441,454,4.0,13,,3
441,138,4.0,13,sliced,4
441,24,0.0,16,,5
441,260,0.0,16,,6
442,210,1.0,9,,1
442,244,2.0,13,chopped,2
442,242,1.0,13,finely chopped,3
442,137,1.0,14,,4
442,85,1.0,13,chopped,5
442,55,800.0,1,,6
442,45,1.0,9,,7
442,112,4.0,13,,8
442,121,1.0,13,spinkling,9
443,454,4.0,13,large,1
443,372,3.0,9,,2
443,210,1.0,9,,3
443,267,1.0,13,chopped,4
443,48,1.0,13,,5
443,137,1.0,14,peeled crushed,6
443,277,1.0,10,,7
443,121,0.5,10,,8
443,245,0.5,13,,9
443,157,1.0,8,,10
443,260,0.5,8,,11
443,24,0.5,8,,12
444,61,1.0,2,,1
444,85,1.0,9,,2
444,94,1.0,9,,3
444,41,1.0,9,,4
444,46,1.0,8,,5
444,217,2.0,8,,6
444,184,2.0,9,,7
444,210,3.0,9,,8
444,150,1.0,10,,9
444,138,1.0,13,,10
444,94,1.0,8,,11
444,184,1.0,13,splash,12
444,187,1.0,13,sliced,13
444,341,1.0,13,sliced,14
444,547,6.0,13,,15
445,125,1.0,10,,1
445,260,1.0,8,,2
445,282,0.5,8,,3
445,11,0.5,8,,4
445,209,1.0,9,,5
445,309,1.0,13,splash,6
446,706,1.0,13,kg,1
446,21,1.0,10,,2
446,184,3.0,9,,3
446,157,1.0,9,,4
446,217,2.0,8,,5
446,260,1.0,8,,6
446,158,1.0,8,,7
446,296,1.0,8,,8
446,46,0.5,8,,9
446,603,0.5,8,,10
446,677,0.5,8,,11
446,707,0.25,8,,12
447,251,0.5,13,bag,1
447,237,8.0,3,,2
447,454,0.5,13,,3
447,229,1.0,11,,4
447,414,2.0,8,,5
447,89,2.0,9,,6
447,209,4.0,9,,7
447,198,1.0,8,,8
447,142,1.0,8,,9
447,340,0.5,10,,10
447,504,1.0,10,,11
447,278,0.5,10,,12
447,501,1.0,9,,13
447,216,1.0,9,,14
447,282,0.5,9,,15
447,308,0.5,9,,16
447,274,1.0,9,,17
448,89,2.0,8,,1
448,650,1.0,9,,2
448,176,0.5,8,,3
448,625,1.0,4,,4
448,224,2.0,9,,5
448,158,1.0,9,,6
448,137,3.0,14,chopped,7
448,868,0.5,4,,8
448,274,2.0,8,,9
448,60,0.25,10,,10
448,496,4.0,13,,11
448,414,2.0,8,,12
449,108,1.5,4,sliced,1
449,224,2.0,9,,2
449,60,0.25,10,,3
449,282,2.0,8,,4
449,274,0.5,8,,5
449,867,1.0,9,,6
449,497,2.0,8,,7
449,142,2.0,8,,8
449,137,5.0,14,,9
449,89,1.0,8,,10
449,6,2.0,8,,11
449,496,4.0,13,chopped,12
449,74,0.0,17,,13
450,862,0.5,4,,1
450,224,1.0,9,,2
450,863,6.0,13,,3
450,497,1.0,8,,4
450,260,0.25,8,,5
450,282,0.5,8,,6
450,414,1.0,9,,7
450,274,1.0,13,splash,8
451,857,16.0,3,,1
451,274,3.0,9,,2
451,858,2.0,9,,3
451,496,1.0,13,sliced,4
451,266,2.0,8,,5
452,414,2.0,8,,1
452,274,2.0,9,,2
452,854,2.0,9,,3
452,692,6.0,3,,4
452,454,2.0,13,large,5
452,158,2.0,9,,6
452,137,1.0,14,finely chopped,7
452,42,2.0,13,,8
452,170,1.0,13,sliced,9
452,340,0.5,13,,10
452,260,0.5,8,,11
452,419,4.0,3,,12
452,855,0.5,13,,13
452,496,4.0,13,,14
452,245,0.5,13,,15
452,96,2.0,8,,16
452,625,0.5,4,,17
452,856,2.0,9,,18
453,236,2.0,13,,1
453,459,1.0,13,,2
453,137,2.0,14,,3
453,183,1.0,13,,4
453,4,2.0,13,,5
453,320,1.0,13,,6
453,60,1.0,13,,7
453,303,1.0,9,,8
453,282,1.0,8,,9
453,36,2.0,9,,10
454,565,8.0,13,,1
454,340,1.0,13,sliced,2
454,210,0.5,10,,3
454,518,1.0,8,,4
454,229,1.0,8,,5
454,16,1.0,13,,6
455,355,1.0,13,,1
455,183,1.0,13,zest and juice of,2
455,210,4.0,9,,3
455,597,2.0,9,,4
455,75,1.0,9,,5
455,119,1.0,9,,6
455,157,1.0,9,,7
455,137,3.0,14,crushed,8
456,137,5.0,14,chopped,1
456,183,1.0,13,zest of,2
456,260,15.0,1,,3
456,24,10.0,1,,4
456,303,50.0,5,,5
456,783,2.0,13,kg,6
456,107,500.0,13,ml,7
458,36,50.0,1,,1
458,340,1.0,13,chopped,2
458,41,3.0,13,pods,3
458,296,0.25,8,,4
458,76,1.0,13,small,5
458,16,1.0,13,sprigs of fresh,6
458,15,450.0,1,,7
458,60,1.0,6,,8
458,426,750.0,1,,9
458,112,3.0,13,,10
458,222,3.0,9,chopped,11
458,183,1.0,13,chopped,12
457,8,2.0,13,medium,1
457,183,1.0,13,juice of,2
457,137,3.0,14,crushed,3
457,319,150.0,13,ml,4
457,103,1.0,13,bunch,5
460,210,1.0,9,,1
460,340,1.0,13,,2
460,182,1.0,13,chopped,3
460,137,3.0,14,,4
460,94,4.0,8,ground,5
460,85,2.0,8,ground,6
460,271,1.0,8,,7
460,75,0.5,8,,8
460,63,1.0,8,,9
460,79,1.0,8,,10
460,106,0.5,8,,11
460,101,1.0,15,,12
460,309,3.0,10,,13
460,42,3.0,13,chopped,14
460,33,1.0,10,,15
460,263,1.0,8,,16
460,279,1.0,13,small,17
460,44,1.0,10,,18
460,6,1.0,8,,19
459,61,6.0,13,,1
459,210,2.0,9,,2
459,119,1.0,8,,3
459,157,1.0,8,,4
459,640,1.0,8,,5
459,137,1.0,14,peeled crushed,6
459,367,1.0,8,,7
459,756,0.0,16,,8
461,309,2.0,13,l,1
461,226,300.0,1,,2
461,4,100.0,1,,3
461,305,1.0,13,,4
461,48,2.0,13,,5
461,42,2.0,13,,6
461,236,1.0,13,large,7
461,340,1.0,13,small,8
461,182,1.0,13,small,9
461,47,1.0,10,,10
461,262,1.0,4,,11
462,236,5.0,13,,1
462,42,12.0,3,,2
462,496,1.0,13,,3
462,137,2.0,14,,4
462,30,1.0,13,slice,5
462,139,1.0,13,,6
462,274,2.0,13,,7
462,483,1.0,13,,8
462,303,1.0,8,,9
462,282,2.0,8,,10
462,36,2.0,9,,11
464,212,2.0,13,,1
464,210,1.0,13,tbsp,2
464,137,1.0,14,,3
464,181,500.0,1,,4
464,204,90.0,1,,5
464,106,1.0,13,tsp,6
464,293,400.0,1,can,7
464,165,300.0,13,ml,8
464,292,1.0,13,tbsp,9
464,318,1.0,13,tbsp,10
464,276,350.0,1,,11
464,219,1.0,13,topping,12
463,276,320.0,1,,1
463,111,6.0,13,,2
463,260,0.0,16,,3
463,10,150.0,1,,4
463,227,50.0,1,,5
463,24,0.0,16,,6
465,72,80.0,1,,1
465,276,300.0,1,,2
465,222,20.0,1,,3
465,245,2.0,13,,4
465,210,2.0,9,,5
465,220,50.0,1,,6
467,61,8.0,13,,1
467,340,3.0,13,sliced thinly,2
467,217,2.0,8,,3
467,183,1.0,13,zest and juice of,4
467,222,1.0,12,,5
467,60,150.0,13,ml,6
467,210,1.0,9,,7
474,340,1.0,13,sliced,1
474,210,4.0,9,,2
474,36,25.0,1,,3
474,236,400.0,1,,4
474,137,6.0,14,,5
474,112,8.0,13,,6
474,222,1.0,12,,7
474,415,1.0,13,,8
474,416,4.0,13,,9
474,210,1.0,13,drizzle,10
466,371,300.0,1,,1
466,340,1.0,13,chopped,2
466,217,1.0,9,,3
466,290,1.0,13,sprigs of fresh,4
466,17,1.0,11,,5
466,222,1.0,13,bunch,6
466,61,4.0,13,,7
466,598,250.0,1,,8
466,72,250.0,1,,9
466,277,100.0,1,,10
468,236,1.0,2,,1
468,217,3.0,8,,2
468,210,2.0,8,,3
468,340,2.0,13,sliced,4
468,137,2.0,14,minced,5
468,398,800.0,1,,6
468,1,300.0,1,,7
468,653,140.0,1,,8
468,153,1.0,12,,9
469,442,100.0,1,,1
469,569,500.0,1,,2
469,376,85.0,1,,3
469,658,50.0,1,,4
469,29,1.0,9,,5
469,597,1.0,9,,6
469,77,1.0,8,,7
469,266,100.0,1,,8
470,36,25.0,1,,1
470,267,3.0,13,diced,2
470,271,1.0,8,,3
470,137,2.0,14,minced,4
470,137,1.0,14,finely chopped,5
470,650,2.0,9,,6
470,31,50.0,1,,7
470,4,300.0,1,,8
470,111,1.0,13,,9
470,210,50.0,5,,10
470,72,300.0,1,,11
470,336,300.0,1,,12
470,314,100.0,5,,13
470,341,300.0,1,,14
470,351,400.0,1,,15
470,222,1.0,12,,16
470,115,1.0,13,drizzle,17
471,340,1.0,13,sliced,1
471,245,1.0,13,sliced,2
471,396,1.0,13,sliced,3
471,72,50.0,1,,4
471,137,2.0,14,minced,5
471,210,1.0,9,,6
471,15,250.0,1,,7
471,398,400.0,1,,8
471,237,200.0,1,,9
472,210,1.0,9,,1
472,340,1.0,13,chopped,2
472,245,1.0,13,,3
472,395,1.0,13,,4
472,138,2.0,13,sliced,5
472,485,250.0,1,,6
472,304,800.0,13,ml,7
472,256,1.0,11,,8
472,660,400.0,1,,9
472,183,0.5,13,juice of,10
472,222,1.0,12,,11
473,341,4.0,13,chopped,1
473,137,1.0,14,finely chopped,2
473,210,3.0,9,,3
473,260,1.0,11,,4
473,229,1.0,11,,5
473,415,20.0,13,slices,6
473,666,5.0,13,slices,7
475,356,2.5,13,kg,1
475,210,1.0,9,,2
475,340,2.0,13,chopped,3
475,42,4.0,13,chopped,4
475,664,1.0,13,,5
475,60,500.0,13,ml,6
475,370,1200.0,1,,7
475,653,450.0,1,,8
475,339,300.0,1,,9
475,222,4.0,9,,10
475,137,4.0,14,crushed,11
475,663,1.0,9,,12
475,210,4.0,9,,13
475,369,0.5,8,,14
476,137,2.0,14,,1
476,183,1.0,13,juice/zest of one,2
476,96,2.0,9,,3
476,595,1.0,11,,4
476,210,3.0,9,,5
476,61,12.0,13,,6
476,369,1.0,13,bunch,7
476,369,1.0,13,bunch,8
476,290,1.0,13,bunch,9
476,290,1.0,13,bunch,10
476,17,2.0,13,,11
477,284,1.0,9,,1
477,340,1.0,13,,2
477,242,1.0,13,,3
477,96,2.0,8,,4
477,55,300.0,1,,5
477,236,500.0,1,,6
477,85,1.0,13,bunch,7
477,454,8.0,13,,8
478,228,1.0,4,,1
478,210,0.25,10,,2
478,137,3.0,14,,3
478,71,1.0,15,,4
478,241,0.5,8,,5
478,169,0.5,8,,6
478,13,6.0,13,leaves,7
478,221,1.0,13,sprinkling,8
479,270,650.0,3,glb,1
479,161,1.0,8,,2
479,210,2.0,8,,3
479,183,1.0,13,juice of half,4
479,278,4.0,13,,5
479,254,150.0,1,oz,6
479,121,80.0,1,oz,7
479,200,20.0,13,chopped,8
479,230,2.0,9,,9
479,260,1.0,11,,10
479,229,1.0,11,,11
480,250,200.0,1,,1
480,414,1.0,9,,2
480,454,2.0,13,beaten,3
480,242,1.0,13,chopped,4
480,142,3.0,13,cm piece,5
480,237,450.0,1,,6
480,274,1.0,9,,7
480,85,1.0,13,bunch,8
480,200,0.5,12,,9
480,188,1.0,13,zest and juice of,10
480,225,1.0,12,,11
481,210,3.0,9,,1
481,137,8.0,14,chopped,2
481,45,3.0,9,,3
481,367,2.0,9,,4
481,71,3.0,1,cans,5
481,14,1.0,13,bunch,6
481,373,2.0,13,tubs,7
481,197,3.0,9,,8
481,219,85.0,1,,9
481,374,2.0,13,sliced,10
481,277,1.0,13,kg,11
481,219,100.0,1,,12
481,375,3.0,13,tubs,13
481,208,1.0,11,,14
481,40,400.0,1,,15
482,419,1.0,13,kg,1
482,226,200.0,1,(soaked overnight),2
482,212,2.0,13,chopped,3
482,42,2.0,13,chopped,4
482,17,2.0,13,,5
482,48,1.0,13,chopped,6
482,472,300.0,1,,7
482,30,0.0,16,,8
483,264,250.0,1,,1
483,260,1.0,11,,2
483,417,125.0,1,,3
483,429,175.0,1,,4
483,45,80.0,1,,5
483,183,1.0,13,zest of,6
483,213,1.0,13,zest of,7
483,197,150.0,13,ml,8
483,430,0.0,16,,9
484,278,1.0,13,bunch,1
484,210,1.0,13,dash,2
484,242,1.0,13,finely sliced,3
484,137,1.0,14,,4
484,237,350.0,1,,5
484,121,75.0,1,,6
484,36,15.0,1,,7
484,233,250.0,1,,8
484,454,1.0,13,seperated,9
484,512,0.5,8,,10
485,358,350.0,1,,1
485,137,3.0,13,parts,2
485,210,3.0,9,,3
485,347,350.0,1,,4
485,257,1.0,13,small bunch,5
486,245,4.0,13,,1
486,590,2.0,1,cans,2
486,222,1.0,13,bunch,3
486,242,1.0,13,,4
486,138,2.0,13,,5
486,210,100.0,5,,6
486,336,600.0,1,,7
486,72,200.0,1,,8
486,183,1.0,13,juice/zest of one,9
487,236,1.5,13,kg,1
487,16,2.0,13,leaves,2
487,267,2.0,13,,3
487,36,3.0,9,,4
487,173,750.0,1,,5
487,262,2.0,13,,6
487,197,500.0,13,ml,7
487,208,1.0,13,grated,8
487,260,1.0,11,,9
487,229,1.0,11,,10
488,699,85.0,1,,1
488,353,1.0,8,,2
488,720,250.0,1,,3
488,42,2.0,13,,4
488,721,0.5,13,,5
488,278,4.0,13,finely sliced,6
488,85,1.0,12,,7
488,242,1.0,13,sliced,8
488,188,1.0,13,juice of,9
488,35,2.0,8,,10
488,491,1.0,8,,11
488,138,1.0,13,chopped,12
488,122,0.5,9,,13
490,478,2.0,9,,1
490,19,4.0,13,,2
490,21,1.0,10,,3
490,36,2.0,9,,4
490,137,2.0,14,minced,5
490,50,1.0,13,medium finely diced,6
490,204,4.0,3,,7
490,29,0.25,10,,8
490,162,0.25,10,,9
490,476,1.0,9,,10
490,318,1.0,9,,11
490,477,1.0,13,dash,12
490,222,1.0,9,minced,13
490,465,1.0,9,minced,14
490,260,0.0,16,,15
490,229,0.0,16,,16
489,238,300.0,1,,1
489,110,1.0,13,beaten,2
489,111,1.0,13,beaten,3
489,303,2.0,9,,4
489,3,70.0,5,,5
489,423,200.0,1,,6
489,212,2.0,13,chopped,7
489,233,30.0,1,,8
489,21,85.0,5,,9
489,260,1.0,11,,10
489,229,1.0,11,,11
489,318,1.0,13,dash,12
491,606,8.0,13,,1
491,274,2.0,9,,2
491,163,1.0,9,,3
491,210,1.0,9,,4
491,292,1.0,8,,5
491,476,1.0,9,,6
492,36,100.0,1,,1
492,203,175.0,1,,2
492,112,2.0,13,large,3
492,264,225.0,1,,4
492,11,1.0,8,,5
492,22,1.0,8,,6
492,25,3.0,9,,7
492,197,275.0,13,ml,8
492,105,0.0,16,,9
492,36,100.0,1,,10
492,203,125.0,1,,11
492,25,1.0,9,,12
492,105,300.0,13,ml,13
492,300,1.0,8,,14
493,195,225.0,1,,1
493,309,175.0,13,ml boiling,2
493,300,1.0,8,,3
493,264,175.0,1,,4
493,22,1.0,8,,5
493,112,2.0,13,,6
493,36,85.0,1,,7
493,100,140.0,1,,8
493,25,2.0,9,,9
493,197,100.0,13,ml,10
493,167,1.0,13,scoop,11
493,203,175.0,1,,12
493,36,50.0,1,,13
493,105,225.0,13,ml,14
493,25,1.0,9,,15
494,303,2.0,9,,1
494,1,450.0,1,,2
494,137,3.0,9,chopped,3
494,267,3.0,9,chopped,4
494,242,3.0,13,,5
494,122,2.0,9,,6
494,274,2.0,8,,7
494,282,2.0,8,,8
494,14,1.0,12,,9
495,210,4.0,9,,1
495,108,6.0,13,small,2
495,161,0.5,9,,3
495,62,1.0,15,,4
495,55,2.0,10,halved,5
495,150,1.0,10,,6
495,157,1.0,9,,7
495,222,0.5,10,,8
496,281,2.0,13,pint,1
496,282,4.0,9,,2
496,528,4.0,9,,3
496,90,1.0,10,,4
496,273,0.25,10,,5
497,125,350.0,1,,1
497,260,1.0,8,,2
497,282,2.0,9,,3
497,36,1.0,10,,4
497,309,0.5,10,,5
497,546,450.0,1,,6
497,281,450.0,1,,7
497,89,3.0,9,,8
497,282,150.0,1,,9
497,75,0.25,8,,10
497,184,1.0,8,,11
497,462,2.0,9,,12
497,197,2.0,9,,13
497,282,1.0,13,spinkling,14
498,396,4.0,13,whole,1
498,210,1.0,9,,2
498,340,1.0,13,small finely diced,3
498,137,2.0,14,minced,4
498,549,1.0,10,,5
498,522,1.0,15,,6
498,363,1.0,10,,7
498,101,1.0,15,,8
498,94,1.0,8,,9
498,63,0.5,8,,10
498,271,0.5,8,,11
498,260,0.0,16,,12
498,229,0.0,16,,13
498,268,1.0,10,,14
498,74,1.0,13,chopped,15
499,293,4.0,13,large,1
499,282,1.0,11,,2
499,210,4.0,9,,3
499,340,1.0,13,chopped,4
499,138,2.0,13,finely chopped,5
499,177,200.0,1,,6
499,75,1.0,9,,7
499,292,2.0,9,chopped,8
499,249,50.0,1,,9
499,60,100.0,13,ml,10
499,103,4.0,9,,11
499,70,2.0,9,,12
499,200,1.0,9,,13
500,35,2.0,10,,1
500,36,0.25,10,,2
500,112,2.0,13,,3
500,300,1.0,8,,4
500,260,1.0,8,,5
500,233,0.5,10,,6
500,197,1.0,10,,7
501,442,2.0,10,,1
501,454,3.0,13,,2
501,148,1.0,10,,3
501,125,2.0,9,,4
501,11,1.0,8,,5
501,111,5.0,13,,6
501,162,0.5,10,,7
501,148,0.33,10,,8
501,300,1.0,8,,9
501,36,100.0,1,,10
502,209,2.0,9,,1
502,244,2.0,13,medium,2
502,173,1.0,4,,3
502,260,1.0,13,dash,4
502,105,1.0,10,,5
504,353,1.0,9,,1
504,182,2.0,13,finely chopped,2
504,397,1.0,13,large,3
504,304,1.0,13,l,4
504,40,400.0,1,,5
504,151,200.0,1,,6
504,293,3.0,13,chopped,7
504,138,3.0,13,chopped,8
504,13,1.0,13,small pack,9
504,219,40.0,1,,10
505,281,300.0,1,,1
505,433,250.0,1,,2
505,432,100.0,1,,3
505,379,500.0,1,,4
505,45,175.0,1,,5
505,30,7.0,13,slices,6
506,568,300.0,13,ml,1
506,500,100.0,13,ml,2
506,45,2.0,9,,3
506,544,3.0,9,,4
506,500,1.0,9,,5
506,274,1.0,9,,6
506,93,1.0,13,,7
507,61,1.0,4,,1
507,110,1.0,13,large,2
507,176,1.0,8,,3
507,89,2.0,8,,4
507,869,10.0,3,,5
507,870,0.25,10,,6
507,313,0.25,10,,7
507,291,0.25,10,,8
507,35,3.0,9,,9
507,209,4.0,8,,10
507,245,1.0,13,chopped,11
507,395,1.0,13,chopped,12
507,142,1.0,8,,13
508,4,200.0,1,,1
508,454,1.0,13,,2
508,309,1.0,13,dash,3
508,260,0.5,8,,4
508,282,1.0,8,,5
508,274,10.0,1,,6
508,499,10.0,1,,7
508,292,30.0,1,,8
508,308,10.0,1,,9
508,85,1.0,13,dash,10
509,533,1200.0,1,,1
509,210,1.0,9,,2
509,267,2.0,13,,3
509,278,4.0,13,sliced,4
509,465,1.0,13,bunch,5
509,652,5.0,9,,6
509,115,2.0,9,,7
509,163,2.0,9,,8
510,309,1.0,10,and,1
510,303,2.0,9,,2
510,282,0.5,8,,3
510,260,1.0,8,,4
510,125,3.0,10,,5
510,446,1.0,8,,6
511,36,0.25,10,,1
511,483,2.0,4,,2
511,260,2.0,8,,3
511,518,0.5,8,,4
511,75,0.5,8,,5
511,24,0.5,8,,6
511,60,5.0,10,,7
511,249,2.0,10,,8
511,36,2.0,9,,9
511,230,0.5,10,,10
512,276,16.0,3,,1
512,372,8.0,3,,2
512,292,6.0,3,,3
512,75,1.0,8,,4
512,303,0.25,10,,5
512,260,1.0,13,dash,6
512,229,1.0,13,dash,7
513,3,0.5,4,,1
513,260,0.5,8,,2
513,414,1.0,8,,3
513,229,1.0,11,,4
513,110,1.0,13,,5
513,499,3.0,9,,6
513,209,4.0,9,,7
513,142,1.0,8,,8
513,137,1.0,8,,9
513,340,0.75,10,,10
513,42,0.5,10,,11
513,396,0.75,10,,12
513,48,1.0,10,,13
513,204,1.0,10,,14
513,501,1.0,9,,15
513,309,1.0,10,,16
513,216,1.0,9,,17
513,166,0.5,8,,18
513,282,1.0,8,,19
513,274,1.0,9,,20
514,408,50.0,1,,1
514,183,1.0,13,zest and juice of,2
514,210,2.0,9,,3
514,244,1.0,13,chopped,4
514,137,1.0,14,peeled crushed,5
514,395,1.0,13,thinly sliced,6
514,151,200.0,1,,7
514,397,1.0,13,sliced,8
514,173,100.0,1,shredded,9
514,404,250.0,1,pack,10
515,340,2.0,13,sliced,1
515,48,2.0,13,sliced,2
515,74,0.5,13,bag,3
515,222,0.5,13,bag,4
515,296,0.5,8,,5
515,157,0.5,8,,6
515,217,0.5,8,,7
515,158,0.25,8,,8
515,46,0.25,8,,9
515,260,0.0,16,,10
515,24,0.0,16,,11
515,61,4.0,13,,12
515,210,1.0,13,drizzle,13
515,428,0.25,10,,14
515,60,1.0,10,,15
515,533,1.0,13,large,16
515,42,3.0,13,sliced thinly,17
515,575,0.25,10,,18
516,197,1.0,10,,1
516,617,3.0,8,,2
516,148,1.0,10,,3
516,41,1.0,8,,4
516,300,1.0,8,,5
516,125,2.0,10,,6
516,36,5.0,9,,7
516,197,1.0,10,,8
516,148,1.0,10,,9
516,111,3.0,13,,10
516,89,2.0,9,,11
516,619,1.0,13,,12
516,560,2.0,10,,13
516,309,3.0,9,,14
516,620,1.0,10,,15
517,488,3.0,10,,1
517,278,6.0,13,,2
517,138,4.0,13,,3
517,222,0.25,10,,4
517,94,2.0,8,,5
517,11,1.0,8,,6
517,46,0.5,8,,7
517,125,1.0,13,spinkling,8
517,303,0.0,16,,9
518,186,2.0,13,juice,1
518,217,4.0,8,,2
518,244,2.0,13,finely chopped,3
518,61,16.0,13,skinnless,4
518,303,1.0,13,for brushing,5
518,150,300.0,13,ml,6
518,142,1.0,13,large piece,7
518,138,4.0,13,,8
518,136,0.75,8,,9
518,157,0.75,8,,10
518,66,0.5,8,,11
518,296,0.25,8,,12
519,544,250.0,13,ml,1
519,183,1.0,13,zest and juice of,2
519,610,2.0,9,,3
519,790,2.0,9,,4
519,49,1.0,8,,5
519,626,0.25,13,,6
519,737,0.25,13,,7
519,42,2.0,13,,8
519,340,1.0,13,diced,9
519,48,2.0,13,sliced,10
520,42,4.0,13,sliced,1
520,737,0.5,13,,2
520,244,2.0,13,sliced,3
520,200,1.0,12,,4
520,86,1.0,12,,5
520,735,1.0,12,,6
520,188,2.0,13,juice of,7
520,688,1.0,9,,8
520,242,1.0,13,chopped,9
520,35,1.0,9,,10
521,238,300.0,1,,1
521,233,1.0,13,dusting,2
521,435,6.0,13,,3
521,45,100.0,1,,4
521,36,85.0,1,,5
521,91,0.0,16,,6
522,274,0.75,10,,1
522,309,0.5,10,,2
522,35,0.25,10,,3
522,158,0.5,8,,4
522,198,0.5,8,,5
522,89,4.0,9,,6
522,58,2.0,13,,7
522,280,1.0,3,.),8
522,34,3.0,10,,9
530,236,225.0,1,new,1
530,151,100.0,1,,2
530,284,1.0,9,,3
530,137,1.0,14,,4
530,288,4.0,8,,5
530,81,400.0,13,ml,6
530,287,2.0,8,,7
530,282,1.0,8,,8
530,1,450.0,1,boneless,9
530,188,2.0,13,fresh kaffir leaves,10
530,13,1.0,13,handfull,11
530,249,1.0,13,boiled,12
523,303,2.0,9,,1
523,3,400.0,1,,2
523,242,1.0,13,sliced,3
523,216,2.0,9,,4
523,14,1.0,12,,5
524,57,2.0,13,large,1
524,137,1.0,14,,2
524,142,1.0,13,small,3
524,340,1.0,13,chopped,4
524,85,4.0,9,,5
524,152,1.0,13,chopped,6
524,210,2.0,9,,7
524,602,0.0,16,,8
524,188,0.0,16,,9
524,278,1.0,13,chopped,10
524,242,1.0,13,chopped,11
525,289,1.0,9,,1
525,303,1.0,8,,2
525,304,1.0,6,,3
525,81,400.0,13,ml,4
525,35,2.0,8,,5
525,696,175.0,1,,6
525,42,2.0,13,,7
525,697,0.5,13,,8
525,504,150.0,1,,9
525,55,6.0,13,,10
525,188,1.0,13,juice of,11
525,278,3.0,13,sliced thinly,12
525,85,1.0,12,,13
526,303,1.0,8,,1
526,288,1.0,9,,2
526,280,220.0,1,,3
526,240,150.0,1,,4
526,81,150.0,13,ml,5
526,304,225.0,13,ml,6
526,410,250.0,1,,7
526,85,10.0,1,,8
526,13,10.0,1,,9
526,242,1.0,13,sliced,10
526,278,1.0,13,sliced,11
527,602,2.0,9,,1
527,213,1.0,13,zest of,2
527,213,2.0,9,,3
527,137,1.0,14,peeled crushed,4
527,289,1.0,9,,5
527,606,8.0,13,,6
528,303,2.0,9,,1
528,244,1.0,13,sliced,2
528,138,2.0,13,sliced,3
528,242,1.0,13,sliced,4
528,240,250.0,1,,5
528,34,140.0,1,,6
528,472,75.0,1,,7
528,274,1.0,9,,8
528,122,1.0,9,,9
528,85,1.0,13,bunch,10
528,454,4.0,13,large,11
528,166,0.0,16,,12
529,284,2.0,9,,1
529,340,1.0,13,chopped,2
529,61,500.0,1,,3
529,138,4.0,13,sliced,4
529,288,280.0,1,,5
529,81,400.0,13,ml,6
529,60,2.0,6,,7
529,695,5.0,13,,8
529,122,2.0,9,,9
529,278,1.0,13,bunch,10
529,151,280.0,1,,11
529,701,150.0,1,,12
529,188,2.0,13,juice of,13
529,13,1.0,13,bunch,14
531,303,1.0,9,,1
531,278,1.0,13,bunch,2
531,85,1.0,13,bunch,3
531,686,400.0,1,,4
531,289,4.0,9,,5
531,223,4.0,9,,6
531,35,1.0,9,,7
531,274,1.0,9,,8
531,81,400.0,13,ml,9
531,363,175.0,1,,10
531,188,1.0,13,juice of,11
531,171,1.0,13,steamed,12
532,303,1.0,9,,1
532,340,1.0,13,chopped,2
532,142,1.0,8,,3
532,289,2.0,8,,4
532,398,400.0,1,,5
532,80,50.0,1,,6
532,693,400.0,1,,7
532,85,1.0,13,chopped,8
533,389,1.5,13,kg,1
533,284,4.0,8,,2
533,340,1.0,13,sliced,3
533,142,1.0,9,grated,4
533,676,1.0,13,,5
533,289,4.0,9,,6
533,81,400.0,13,ml,7
533,304,800.0,13,ml,8
533,684,0.0,16,,9
533,282,0.0,16,,10
533,242,0.0,16,,11
534,692,0.5,13,bag,1
534,504,200.0,1,,2
534,188,2.0,13,zest and juice of,3
534,122,2.0,9,,4
534,203,1.0,8,,5
534,244,1.0,13,sliced,6
534,187,2.0,13,small,7
534,473,500.0,1,,8
534,142,1.0,13,knob,9
534,46,1.0,11,,10
534,284,1.0,8,,11
534,266,2.0,9,,12
534,209,1.0,8,,13
534,681,4.0,13,,14
534,242,1.0,13,sliced,15
535,699,100.0,1,,1
535,60,500.0,13,ml,2
535,289,1.0,9,,3
535,695,4.0,13,,4
535,122,1.0,9,,5
535,311,200.0,1,,6
535,240,100.0,1,,7
535,700,2.0,13,,8
535,86,1.0,12,,9
536,690,2.0,13,,1
536,142,1.0,13,knob,2
536,138,1.0,13,small finely diced,3
536,242,1.0,13,small finely diced,4
536,188,1.0,13,juice/zest of one,5
536,691,3.0,13,,6
536,274,2.0,9,,7
537,236,1.0,13,kg,1
537,36,1.0,13,knob,2
537,197,1.0,13,dash,3
537,159,50.0,1,,4
537,36,75.0,1,,5
537,182,2.0,13,sliced,6
537,233,75.0,1,,7
537,314,150.0,13,ml,8
537,197,568.0,13,ml,9
537,222,2.0,9,chopped,10
537,2,250.0,1,,11
537,425,250.0,1,,12
537,426,250.0,1,,13
537,112,6.0,13,,14
538,36,50.0,1,,1
538,219,25.0,1,,2
538,197,300.0,13,ml,3
538,17,2.0,13,,4
538,233,5.0,9,,5
538,114,0.5,8,,6
538,46,1.0,13,pod of,7
538,159,140.0,1,,8
538,112,3.0,13,,9
538,460,8.0,13,slices,10
538,105,150.0,13,ml,11
538,277,0.0,16,,12
539,125,2.0,10,,1
539,282,0.33,10,,2
539,11,3.0,8,,3
539,260,0.5,8,,4
539,454,1.0,13,beaten,5
539,197,0.75,10,,6
539,209,3.0,9,,7
539,209,1.0,13,for frying,8
539,323,0.0,17,,9
540,262,8.0,13,,1
540,303,3.0,9,,2
540,233,100.0,1,,3
540,112,2.0,13,medium,4
540,164,1.0,9,grated,5
540,197,225.0,13,ml,6
540,55,200.0,1,,7
541,303,1.0,9,,1
541,32,1.0,13,head,2
541,138,4.0,13,sliced,3
541,242,1.0,13,sliced,4
541,278,1.0,13,bunch,5
541,730,140.0,1,,6
541,700,2.0,13,heads,7
541,731,300.0,1,,8
541,732,1.0,9,,9
541,274,1.0,9,,10
541,43,25.0,1,,11
542,60,800.0,13,ml,1
542,81,800.0,1,,2
542,694,2.0,9,,3
542,682,2.0,13,,4
542,695,8.0,13,,5
542,61,500.0,1,,6
542,683,300.0,1,,7
542,680,6.0,13,,8
542,45,1.0,9,,9
542,122,5.0,9,,10
542,188,3.0,13,juice of,11
542,86,0.0,16,,12
542,249,0.0,16,,13
543,60,700.0,13,ml,1
543,676,1.0,13,,2
543,675,5.0,13,slices,3
543,85,6.0,13,,4
543,672,3.0,13,,5
543,175,6.0,13,,6
543,122,3.0,9,,7
543,152,6.0,13,small,8
543,684,4.0,9,,9
544,340,200.0,1,,1
544,341,150.0,1,,2
544,242,20.0,1,,3
544,675,15.0,1,,4
544,682,2.0,13,,5
544,240,250.0,1,,6
544,344,1.0,13,,7
544,683,120.0,1,,8
544,672,8.0,13,,9
544,122,25.0,5,,10
544,684,25.0,5,,11
544,81,70.0,5,,12
544,685,1.0,9,,13
544,85,1.0,12,,14
545,538,4.0,13,,1
545,125,100.0,1,,2
545,112,2.0,13,beaten,3
545,31,100.0,1,,4
545,303,1.0,13,fry,5
545,291,2.0,9,,6
545,318,2.0,9,,7
545,216,1.0,9,,8
545,45,2.0,9,,9
546,454,2.0,13,medium,1
546,105,2.0,9,,2
546,197,2.0,9,,3
546,592,3.0,8,,4
546,659,3.0,9,,5
546,30,4.0,13,thick slices,6
546,210,1.0,13,for frying,7
546,323,0.0,16,,8
546,91,0.0,16,,9
547,52,150.0,1,,1
547,419,200.0,1,,2
547,454,3.0,13,,3
547,303,100.0,1,,4
547,197,240.0,1,,5
547,623,120.0,1,,6
547,11,2.0,8,,7
547,260,1.0,8,,8
547,106,0.0,16,,9
548,108,4.0,13,,1
548,112,2.0,13,,2
548,260,1.0,8,,3
548,210,4.0,8,,4
549,236,1.0,13,medium,1
549,284,1.0,8,,2
549,473,500.0,1,,3
549,340,1.0,13,finely chopped,4
549,138,1.0,13,finely chopped,5
549,75,0.25,8,,6
549,518,0.25,8,,7
549,208,0.25,8,,8
549,304,100.0,13,ml,9
549,390,400.0,1,,10
549,454,1.0,13,to glaze,11
550,3,500.0,1,,1
550,212,2.0,13,chopped,2
550,42,2.0,13,chopped,3
550,137,2.0,14,,4
550,16,2.0,13,,5
550,247,200.0,13,ml,6
550,309,2.0,6,,7
550,205,3.0,9,,8
550,260,1.0,13,tbsp,9
550,229,0.5,8,,10
550,217,0.5,8,,11
550,303,2.0,9,,12
551,233,250.0,1,,1
551,36,135.0,1,,2
551,146,400.0,1,,3
551,31,150.0,1,,4
551,186,2.0,13,zest of,5
551,112,1.0,13,beaten,6
553,236,450.0,1,,1
553,210,2.0,9,,2
553,112,4.0,13,,3
553,367,1.0,9,,4
553,377,2.0,9,,5
553,284,50.0,1,,6
553,244,0.5,13,,7
553,277,100.0,1,,8
553,295,400.0,1,,9
552,210,2.0,9,,1
552,278,8.0,13,,2
552,277,200.0,1,,3
552,525,4.0,13,,4
552,295,1.0,15,,5
552,112,2.0,13,,6
552,166,1.0,13,dash,7
552,293,4.0,13,chopped,8
552,93,0.25,13,,9
552,184,1.0,9,,10
552,440,4.0,9,,11
554,179,500.0,1,,1
554,137,2.0,14,minced,2
554,340,1.0,13,,3
554,277,300.0,1,,4
554,292,3.0,9,,5
554,94,1.0,9,,6
554,60,1.0,6,,7
554,161,3.0,8,,8
554,62,400.0,1,,9
554,184,0.5,13,,10
554,190,150.0,1,,11
554,260,1.0,11,,12
554,229,1.0,11,,13
555,213,1.0,13,large,1
555,45,300.0,1,,2
555,210,75.0,5,,3
555,125,280.0,1,,4
555,11,1.0,9,,5
555,112,4.0,13,large,6
555,300,2.0,8,,7
556,415,2.0,13,small,1
556,741,50.0,1,,2
556,93,0.25,13,,3
556,742,140.0,1,,4
556,544,1.0,9,,5
556,242,1.0,13,sliced,6
556,200,1.0,12,,7
556,42,2.0,13,small,8
556,737,75.0,1,,9
556,158,0.25,8,,10
556,491,0.5,9,,11
556,592,0.5,8,,12
557,210,1.0,9,,1
557,340,1.0,13,large,2
557,137,1.0,14,peeled crushed,3
557,318,2.0,9,,4
557,292,3.0,8,,5
557,361,500.0,1,,6
557,112,1.0,13,large,7
557,31,85.0,1,,8
557,362,2.0,9,,9
557,40,800.0,1,,10
557,222,2.0,9,,11
558,644,500.0,1,,1
558,612,10.0,1,,2
558,330,1.0,13,sprinkling,3
558,341,2.0,13,,4
558,152,2.0,13,,5
558,278,4.0,13,chopped,6
558,222,1.0,13,bunch,7
558,483,250.0,1,,8
558,595,2.0,8,,9
558,157,1.0,11,,10
558,518,1.0,8,,11
558,210,2.0,9,,12
558,183,0.5,13,,13
558,244,1.0,13,,14
559,230,1.0,12,,1
559,210,1.0,9,,2
559,340,1.0,13,large chopped,3
559,75,2.0,13,,4
559,177,500.0,1,,5
559,15,250.0,1,,6
559,725,1.0,13,,7
559,376,12.0,13,,8
559,200,1.0,12,,9
560,249,300.0,1,,1
560,303,3.0,9,,2
560,334,70.0,1,,3
560,462,30.0,1,,4
560,60,600.0,13,ml,5
561,355,4.0,13,,1
561,758,2.0,8,,2
561,106,1.0,8,,3
561,200,1.0,13,bunch,4
561,319,300.0,1,,5
561,547,4.0,13,,6
561,553,0.5,13,,7
561,244,1.0,13,sliced,8
561,183,1.0,13,,9
562,309,2.0,10,,1
562,609,1.0,10,,2
563,637,150.0,1,,1
563,798,50.0,1,,2
563,36,100.0,1,,3
563,282,100.0,1,,4
563,454,1.0,13,,5
563,111,1.0,13,,6
563,89,200.0,1,,7
563,623,100.0,1,,8
563,11,1.0,8,,9
563,300,1.0,8,,10
563,637,150.0,1,,11
563,798,50.0,1,,12
565,264,1.0,10,,1
565,78,0.5,10,,2
565,37,0.33,10,raw,3
565,11,1.0,8,,4
565,124,2.0,13,,5
565,517,0.5,10,,6
565,299,1.0,8,,7
565,309,0.5,10,boiling,8
566,154,1.0,10,,1
566,42,1.0,13,,2
566,340,1.0,13,,3
566,320,1.0,13,small,4
566,85,1.0,13,sprinking,5
566,277,150.0,1,,6
566,180,10.0,13,,7
566,302,35.0,1,,8
566,125,4.0,9,,9
566,275,300.0,13,ml,10
566,205,1.5,8,,11
566,308,1.0,8,,12
564,743,150.0,1,,1
564,744,3.0,9,,2
564,592,1.0,8,,3
564,415,1.0,13,large,4
564,745,100.0,1,,5
564,746,175.0,1,,6
564,85,1.0,12,,7
564,200,1.0,12,,8
564,166,0.0,16,,9
567,236,3.0,4,,1
567,270,3.0,4,,2
567,261,0.5,10,,3
567,204,1.0,3,,4
567,33,0.75,10,,5
567,137,6.0,14,,6
567,176,1.0,8,,7
567,340,3.0,10,,8
567,292,2.0,9,,9
567,17,1.0,13,,10
567,210,1.0,13,,11
567,107,2.0,10,,12
567,304,8.0,10,,13
567,89,2.0,9,,14
567,274,2.0,8,,15
567,369,2.0,13,sprigs,16
567,222,1.0,13,,17
567,257,1.0,13,,18
567,465,1.0,13,,19
568,353,1.0,13,,1
568,340,1.0,13,,2
568,137,3.0,14,,3
568,217,1.0,8,,4
568,94,0.5,8,,5
568,290,1.0,9,,6
568,42,3.0,13,medium,7
568,48,2.0,13,small stalks,8
568,245,1.0,13,,9
568,395,1.0,13,,10
568,341,800.0,1,tins,11
568,305,250.0,13,ml,12
568,397,2.0,13,sliced,13
568,290,2.0,13,sprigs,14
568,404,250.0,1,,15
569,405,400.0,1,,1
569,406,1.0,15,,2
569,71,1.0,15,,3
569,407,1.0,15,,4
570,244,0.5,13,,1
570,245,0.5,13,,2
570,341,400.0,1,,3
570,94,0.5,8,,4
570,710,0.5,8,,5
570,46,0.5,8,,6
570,217,1.0,8,,7
570,454,2.0,13,,8
570,222,0.0,17,,9
570,595,0.0,17,,10
570,711,2.0,13,sliced,11
571,210,1.0,9,,1
571,343,4.0,13,,2
571,212,2.0,13,finely chopped,3
571,137,2.0,14,minced,4
571,75,2.0,8,ground,5
571,233,2.0,8,,6
571,247,250.0,13,ml,7
571,71,800.0,1,,8
571,344,1.0,13,,9
571,369,3.0,13,sprigs,10
571,17,2.0,13,,11
571,282,1.0,8,,12
571,197,2.0,9,,13
571,346,600.0,1,,14
571,220,1.0,13,grated,15
572,800,2.0,10,,1
572,309,2.0,10,,2
572,260,1.0,8,,3
572,303,1.0,9,,4
573,58,2.0,13,,1
573,340,2.0,13,chopped,2
573,137,1.0,14,peeled crushed,3
573,17,4.0,13,,4
573,24,1.0,11,,5
573,296,1.0,11,,6
573,94,1.0,11,,7
573,260,1.0,11,,8
573,282,1.0,9,,9
573,341,3.0,13,,10
573,145,1.0,9,,11
573,210,0.33,10,,12
573,81,1.0,15,,13
573,309,0.5,10,,14
574,801,2.0,4,,1
574,340,2.0,13,small,2
574,229,0.5,13,,3
574,137,4.0,14,chopped,4
574,137,4.0,14,crushed,5
574,182,1.0,13,,6
574,21,8.0,10,,7
574,802,0.5,10,,8
574,496,0.5,10,,9
574,363,2.0,13,,10
574,803,0.5,4,,11
574,804,0.5,4,,12
574,805,0.5,4,,13
574,358,0.5,4,,14
574,260,0.0,16,,15
574,229,0.0,16,,16
574,74,1.0,13,chopped,17
575,807,2.0,4,,1
575,137,2.0,14,minced,2
575,340,1.0,13,chopped,3
575,340,1.0,13,sliced,4
575,245,1.0,13,sliced,5
575,341,3.0,13,sliced thinly,6
575,21,4.0,10,,7
575,318,2.0,8,,8
575,292,1.0,9,,9
575,94,1.0,8,,10
575,291,0.25,10,,11
575,260,0.0,16,,12
575,229,0.0,16,,13
575,210,1.0,9,,14
576,483,450.0,1,,1
576,229,1.0,11,,2
576,157,1.0,11,,3
576,303,1.0,9,,4
576,340,1.0,10,,5
576,396,0.5,10,,6
576,245,0.5,10,,7
576,139,1.0,8,,8
576,377,0.25,10,,9
576,372,1.0,15,,10
576,815,1.0,15,,11
576,816,2.0,13,,12
576,303,1.0,13,for frying,13
579,4,1.5,4,sliced,1
579,252,1.0,13,package thin,2
579,109,4.0,13,,3
579,50,3.0,9,minced,4
579,137,1.5,9,minced garlic,5
579,282,0.25,10,,6
579,122,1.0,9,,7
579,274,0.5,9,thick,8
579,229,0.5,9,,9
579,210,3.0,9,,10
579,93,1.0,13,sliced,11
579,200,1.0,13,leaves,12
579,225,1.0,13,crushed,13
577,592,50.0,1,,1
577,122,1.0,9,,2
577,242,1.0,13,sliced,3
577,142,1.0,13,large piece,4
577,718,2.0,13,,5
577,719,2.0,13,heads,6
577,183,0.5,13,juice of,7
577,85,1.0,13,sprigs of fresh,8
577,249,1.0,13,steamed,9
578,250,140.0,1,,1
578,42,1.0,13,,2
578,93,0.5,13,,3
578,58,2.0,13,,4
578,726,50.0,1,,5
578,244,0.5,13,,6
578,200,1.0,13,bunch,7
578,225,25.0,1,,8
578,242,1.0,13,chopped,9
578,188,1.0,13,zest and juice of,10
578,122,1.0,9,,11
578,274,1.0,9,,12
578,414,1.0,9,,13
580,688,2.0,9,,1
580,724,4.0,13,,2
580,340,2.0,13,,3
580,142,2.0,9,chopped,4
580,138,3.0,13,sliced thinly,5
580,242,1.0,13,chopped,6
580,242,1.0,13,sliced,7
580,35,1.0,9,,8
580,35,1.0,8,,9
580,468,3.0,13,,10
580,682,2.0,13,,11
580,725,1.0,13,l,12
580,292,1.0,9,,13
580,533,4.0,13,,14
580,122,2.0,9,,15
580,188,2.0,13,juice of,16
580,200,1.0,12,,17
580,14,1.0,12,,18
581,592,1.0,8,,1
581,188,2.0,13,juice of,2
581,242,1.0,13,chopped,3
581,85,1.0,12,,4
581,414,1.0,9,,5
581,122,1.0,9,,6
581,274,1.0,9,,7
581,686,500.0,1,,8
581,303,1.0,13,for brushing,9
581,626,0.25,13,,10
581,93,1.0,13,chopped,11
581,48,5.0,13,chopped,12
581,278,3.0,13,sliced thinly,13
581,242,1.0,13,chopped,14
581,682,2.0,13,chopped,15
581,188,1.0,13,zest of,16
581,85,1.0,12,,17
581,200,1.0,12,,18
582,188,0.5,13,juice of,1
582,491,2.0,9,,2
582,729,1.0,9,,3
582,122,3.0,9,,4
582,680,1.0,13,chopped,5
582,717,6.0,13,,6
582,200,1.0,13,small bunch,7
582,85,1.0,13,small bunch,8
582,175,12.0,13,,9
582,42,1.0,13,large,10
582,397,1.0,13,,11
583,733,100.0,1,,1
583,250,50.0,1,,2
583,57,1.0,13,,3
583,42,1.0,13,sliced,4
583,93,1.0,13,sliced,5
583,245,1.0,13,sliced,6
583,187,0.0,16,,7
583,85,0.0,16,,8
583,200,0.0,16,,9
583,122,4.0,9,,10
583,491,2.0,9,,11
583,188,0.5,13,juice of,12
583,242,1.0,13,sliced,13
584,688,1.0,9,,1
584,728,500.0,1,,2
584,267,2.0,13,chopped,3
584,158,1.0,9,,4
584,242,1.0,13,chopped,5
584,35,75.0,1,,6
584,122,1.0,9,,7
584,687,2.0,8,,8
584,278,4.0,13,,9
584,249,1.0,13,steamed,10
584,700,0.0,16,,11
585,303,2.0,8,,1
585,142,4.0,13,cm finely chopped,2
585,138,2.0,13,chopped,3
585,358,0.5,13,,4
585,274,2.0,8,,5
585,35,2.0,8,,6
585,304,200.0,13,ml,7
585,151,100.0,1,shredded,8
585,278,4.0,13,sliced,9
585,86,0.0,16,,10
585,171,0.0,16,,11
586,125,450.0,1,,1
586,45,55.0,1,,2
586,446,2.0,13,parts,3
586,260,0.5,8,,4
586,197,6.0,3,,5
586,112,2.0,13,beaten,6
586,36,30.0,1,,7
586,381,140.0,1,,8
586,36,85.0,1,,9
586,35,85.0,1,,10
586,75,1.0,8,,11
586,197,1.0,13,to glaze,12
586,323,1.0,13,to glaze,13
587,264,225.0,1,,1
587,603,0.5,8,,2
587,36,175.0,1,,3
587,203,100.0,1,,4
587,597,3.0,9,,5
587,454,2.0,13,beaten,6
587,378,2.0,13,medium,7
587,759,100.0,1,,8
587,381,50.0,1,,9
588,7,500.0,1,,1
588,367,2.0,9,,2
588,341,4.0,13,,3
588,115,1.0,9,,4
588,596,12.0,13,,5
588,597,1.0,8,,6
588,598,16.0,13,,7
588,115,2.0,9,,8
588,476,1.0,8,,9
588,254,100.0,1,,10
589,105,568.0,13,ml,1
589,310,100.0,1,,2
589,299,1.0,13,pod of,3
589,111,6.0,13,,4
589,45,2.0,9,,5
589,45,1.0,13,top,6
590,4,1.0,13,lb,1
590,138,3.0,13,chopped,2
590,142,1.0,8,,3
590,274,1.0,9,,4
590,414,1.0,8,,5
590,42,3.0,13,finely chopped,6
590,48,3.0,13,finely chopped,7
590,278,6.0,13,chopped,8
590,498,1.0,15,,9
590,209,1.0,13,fry,10
590,309,1.0,15,,11
591,410,250.0,1,,1
591,414,2.0,9,,2
591,340,1.0,13,sliced,3
591,411,0.25,13,,4
591,412,10.0,13,,5
591,278,4.0,13,,6
591,413,4.0,9,,7
591,274,2.0,9,,8
591,45,1.0,9,,9
591,318,1.0,9,,10
592,454,5.0,13,,1
592,340,1.0,13,diced,2
592,341,1.0,13,diced,3
592,210,2.0,9,,4
592,518,0.25,8,,5
592,24,0.25,8,,6
592,716,3.0,9,,7
593,125,140.0,1,,1
593,454,4.0,13,,2
593,197,200.0,13,ml,3
593,284,1.0,13,drizzle,4
594,415,2.0,13,,1
594,36,1.0,9,,2
594,303,2.0,8,,3
594,340,1.0,13,chopped,4
594,204,300.0,1,,5
594,137,1.0,14,,6
594,544,1.0,9,,7
594,52,50.0,1,,8
594,419,75.0,1,,9
594,773,75.0,1,,10
594,374,50.0,1,,11
594,103,2.0,13,,12
594,465,1.0,9,,13
594,291,1.0,13,drizzle,14
595,236,1.0,2,,1
595,340,1.0,13,medium chopped,2
595,137,2.0,14,minced,3
595,454,4.0,13,large,4
595,623,4.0,9,,5
595,193,1.0,8,,6
595,260,0.0,16,,7
595,24,0.0,16,,8
595,209,1.0,13,for frying,9
272,1,400.0,1,,1
272,249,1.0,10,,2
272,396,1.0,13,,3
272,245,1.0,13,,4
272,204,2.0,13,,5
272,363,1.0,13,,6
272,42,2.0,13,,7
272,428,1.0,12,,8
272,296,1.0,8,,9
272,709,1.0,8,,10
272,260,1.0,11,,11
272,24,1.0,11,,12
285,177,1.0,13,kg,1
285,340,2.0,13,,2
285,664,1.0,13,,3
285,136,6.0,9,,4
285,85,1.0,13,bunch,5
285,687,1.0,9,,6
285,547,8.0,13,,7
285,341,4.0,13,sliced,8
285,737,0.5,13,,9
285,244,1.0,13,sliced,10
285,319,1.0,13,small pack,11
503,236,700.0,1,,1
503,623,300.0,1,,2
503,668,100.0,1,,3
503,260,1.0,11,,4
503,669,150.0,1,,5
503,560,100.0,1,,6
503,36,100.0,1,,7
